Release (windows)	E2E (все спеки)	﻿2026-10-03T10:39:45.2862503Z ##[group]Run pnpm --filter @hl/desktop test:e2e --retries=1
Release (windows)	E2E (все спеки)	2026-10-03T10:39:45.2863297Z ^[[36;1mpnpm --filter @hl/desktop test:e2e --retries=1^[[0m
Release (windows)	E2E (все спеки)	2026-10-03T10:39:45.2885973Z shell: C:\Program Files\Git\bin\bash.EXE --noprofile --norc -e -o pipefail {0}
Release (windows)	E2E (все спеки)	2026-10-03T10:39:45.2886639Z ##[endgroup]
Release (windows)	E2E (все спеки)	2026-10-03T10:39:45.9071825Z 
Release (windows)	E2E (все спеки)	2026-10-03T10:39:45.9072671Z > @hl/desktop@0.9.0-rc.0 test:e2e D:\a\health-log\health-log\apps\desktop
Release (windows)	E2E (все спеки)	2026-10-03T10:39:45.9073502Z > pnpm build && playwright test "--retries=1"
Release (windows)	E2E (все спеки)	2026-10-03T10:39:45.9073865Z 
Release (windows)	E2E (все спеки)	2026-10-03T10:39:46.3502148Z 
Release (windows)	E2E (все спеки)	2026-10-03T10:39:46.3503085Z > @hl/desktop@0.9.0-rc.0 build D:\a\health-log\health-log\apps\desktop
Release (windows)	E2E (все спеки)	2026-10-03T10:39:46.3504500Z > tsc -b tsconfig.main.json && node scripts/copy-report-assets.mjs && pnpm build:renderer
Release (windows)	E2E (все спеки)	2026-10-03T10:39:46.3505149Z 
Release (windows)	E2E (все спеки)	2026-10-03T10:39:46.5637308Z copy-report-assets: Roboto-Regular.ttf, Roboto-Bold.ttf, OFL.txt -> dist
Release (windows)	E2E (все спеки)	2026-10-03T10:39:46.9705533Z 
Release (windows)	E2E (все спеки)	2026-10-03T10:39:46.9706665Z > @hl/desktop@0.9.0-rc.0 build:renderer D:\a\health-log\health-log\apps\desktop
Release (windows)	E2E (все спеки)	2026-10-03T10:39:46.9707493Z > vite build
Release (windows)	E2E (все спеки)	2026-10-03T10:39:46.9707686Z 
Release (windows)	E2E (все спеки)	2026-10-03T10:39:47.3357599Z ^[[36mvite v7.3.6 ^[[32mbuilding client environment for production...^[[36m^[[39m
Release (windows)	E2E (все спеки)	2026-10-03T10:39:47.3945292Z transforming...
Release (windows)	E2E (все спеки)	2026-10-03T10:39:49.1134050Z ^[[33m../../node_modules/.pnpm/zod@4.6.5/node_modules/zod/v4/core/util.js (400:0): A comment
Release (windows)	E2E (все спеки)	2026-10-03T10:39:49.1134891Z 
Release (windows)	E2E (все спеки)	2026-10-03T10:39:49.1136213Z "// Wrapped in a `@__PURE__` IIFE: esbuild never tree-shakes a top-level initializer that contains a member access on `Number`, so the bare object literal survived into every bundle."
Release (windows)	E2E (все спеки)	2026-10-03T10:39:49.1137468Z 
Release (windows)	E2E (все спеки)	2026-10-03T10:39:49.1139400Z in "../../node_modules/.pnpm/zod@4.6.5/node_modules/zod/v4/core/util.js" contains an annotation that Rollup cannot interpret due to the position of the comment. The comment will be removed to avoid issues.^[[39m
Release (windows)	E2E (все спеки)	2026-10-03T10:39:49.1166175Z ^[[33m../../node_modules/.pnpm/zod@4.6.5/node_modules/zod/v4/core/regexes.js (74:0): A comment
Release (windows)	E2E (все спеки)	2026-10-03T10:39:49.1167066Z 
Release (windows)	E2E (все спеки)	2026-10-03T10:39:49.1167840Z "/** Anchors a pattern source. The interpolation lives here rather than at the call site because
Release (windows)	E2E (все спеки)	2026-10-03T10:39:49.1169206Z  * esbuild will not drop a `@__PURE__` call whose own argument interpolates a variable, but it
Release (windows)	E2E (все спеки)	2026-10-03T10:39:49.1170539Z  * will drop `anchor(dateSource)`. Keeping it inline pinned `date` into every bundle. */"
Release (windows)	E2E (все спеки)	2026-10-03T10:39:49.1171301Z 
Release (windows)	E2E (все спеки)	2026-10-03T10:39:49.1173292Z in "../../node_modules/.pnpm/zod@4.6.5/node_modules/zod/v4/core/regexes.js" contains an annotation that Rollup cannot interpret due to the position of the comment. The comment will be removed to avoid issues.^[[39m
Release (windows)	E2E (все спеки)	2026-10-03T10:39:53.0260610Z ^[[32m✓^[[39m 1028 modules transformed.
Release (windows)	E2E (все спеки)	2026-10-03T10:39:53.3623106Z rendering chunks...
Release (windows)	E2E (все спеки)	2026-10-03T10:39:53.5754596Z computing gzip size...
Release (windows)	E2E (все спеки)	2026-10-03T10:39:53.5967638Z ^[[2m../dist-renderer/^[[22m^[[32mindex.html                            ^[[39m^[[1m^[[2m  0.52 kB^[[22m^[[1m^[[22m^[[2m │ gzip:   0.39 kB^[[22m
Release (windows)	E2E (все спеки)	2026-10-03T10:39:53.5971173Z ^[[2m../dist-renderer/^[[22m^[[35massets/index-H7E6OKhg.css             ^[[39m^[[1m^[[2m 24.27 kB^[[22m^[[1m^[[22m^[[2m │ gzip:   5.63 kB^[[22m
Release (windows)	E2E (все спеки)	2026-10-03T10:39:53.5974123Z ^[[2m../dist-renderer/^[[22m^[[36massets/i18n-date-BDcaM86a.js          ^[[39m^[[1m^[[2m  0.46 kB^[[22m^[[1m^[[22m^[[2m │ gzip:   0.29 kB^[[22m
Release (windows)	E2E (все спеки)	2026-10-03T10:39:53.5976778Z ^[[2m../dist-renderer/^[[22m^[[36massets/use-ai-models-C-viMAiv.js      ^[[39m^[[1m^[[2m  1.16 kB^[[22m^[[1m^[[22m^[[2m │ gzip:   0.59 kB^[[22m
Release (windows)	E2E (все спеки)	2026-10-03T10:39:53.5979093Z ^[[2m../dist-renderer/^[[22m^[[36massets/use-stats-8r0dtA4x.js          ^[[39m^[[1m^[[2m  4.30 kB^[[22m^[[1m^[[22m^[[2m │ gzip:   1.57 kB^[[22m
Release (windows)	E2E (все спеки)	2026-10-03T10:39:53.5981157Z ^[[2m../dist-renderer/^[[22m^[[36massets/CustomRangeFields-D8qI-_vy.js  ^[[39m^[[1m^[[2m  6.70 kB^[[22m^[[1m^[[22m^[[2m │ gzip:   2.57 kB^[[22m
Release (windows)	E2E (все спеки)	2026-10-03T10:39:53.5983882Z ^[[2m../dist-renderer/^[[22m^[[36massets/FlagBadges-XF35v8tt.js         ^[[39m^[[1m^[[2m 12.54 kB^[[22m^[[1m^[[22m^[[2m │ gzip:   4.77 kB^[[22m
Release (windows)	E2E (все спеки)	2026-10-03T10:39:53.5986780Z ^[[2m../dist-renderer/^[[22m^[[36massets/ReportsPage-BHf9sXWK.js        ^[[39m^[[1m^[[2m 19.66 kB^[[22m^[[1m^[[22m^[[2m │ gzip:   4.56 kB^[[22m
Release (windows)	E2E (все спеки)	2026-10-03T10:39:53.5991632Z ^[[2m../dist-renderer/^[[22m^[[36massets/SettingsScreen-SUujEHvV.js     ^[[39m^[[1m^[[2m 35.22 kB^[[22m^[[1m^[[22m^[[2m │ gzip:   7.87 kB^[[22m
Release (windows)	E2E (все спеки)	2026-10-03T10:39:53.5993481Z ^[[2m../dist-renderer/^[[22m^[[36massets/AiPage-D_sXo4bO.js             ^[[39m^[[1m^[[2m 35.64 kB^[[22m^[[1m^[[22m^[[2m │ gzip:   8.48 kB^[[22m
Release (windows)	E2E (все спеки)	2026-10-03T10:39:53.5995151Z ^[[2m../dist-renderer/^[[22m^[[36massets/index-Obe6zQYG.js              ^[[39m^[[1m^[[2m 40.35 kB^[[22m^[[1m^[[22m^[[2m │ gzip:  13.48 kB^[[22m
Release (windows)	E2E (все спеки)	2026-10-03T10:39:53.5996845Z ^[[2m../dist-renderer/^[[22m^[[36massets/JournalPage-Bpl3yuFm.js        ^[[39m^[[1m^[[2m 81.35 kB^[[22m^[[1m^[[22m^[[2m │ gzip:  26.25 kB^[[22m
Release (windows)	E2E (все спеки)	2026-10-03T10:39:53.5998592Z ^[[2m../dist-renderer/^[[22m^[[36massets/SummaryScreen-DVPlnoMA.js      ^[[39m^[[1m^[[2m413.44 kB^[[22m^[[1m^[[22m^[[2m │ gzip: 118.31 kB^[[22m
Release (windows)	E2E (все спеки)	2026-10-03T10:39:53.6000273Z ^[[2m../dist-renderer/^[[22m^[[36massets/index-C4omSijV.js              ^[[39m^[[1m^[[2m434.70 kB^[[22m^[[1m^[[22m^[[2m │ gzip: 136.31 kB^[[22m
Release (windows)	E2E (все спеки)	2026-10-03T10:39:53.6001270Z ^[[32m✓ built in 6.25s^[[39m
Release (windows)	E2E (все спеки)	2026-10-03T10:39:55.0621810Z 
Release (windows)	E2E (все спеки)	2026-10-03T10:39:55.0622611Z Running 34 tests using 1 worker
Release (windows)	E2E (все спеки)	2026-10-03T10:42:42.9005319Z ×F×F×F×F×F×F··×F··················×F×F×F×F×F×F·
Release (windows)	E2E (все спеки)	2026-10-03T10:42:42.9015660Z 
Release (windows)	E2E (все спеки)	2026-10-03T10:42:42.9026322Z   1) [e2e-electron] › tests\e2e\a11y-full.spec.ts:326:7 › a11y-матрица 7 маршрутов × 2 темы × 3 масштаба (TASK-108 §5/§20) › Светлая тема × Обычный: 0 critical/serious на 7 маршрутах 
Release (windows)	E2E (все спеки)	2026-10-03T10:42:42.9027049Z 
Release (windows)	E2E (все спеки)	2026-10-03T10:42:42.9027659Z     Error: нарушения axe (light × hl-text-100); реестр отложенных — docs/a11y-deferred.md
Release (windows)	E2E (все спеки)	2026-10-03T10:42:42.9028113Z 
Release (windows)	E2E (все спеки)	2026-10-03T10:42:42.9028344Z     expect(received).toBe(expected) // Object.is equality
Release (windows)	E2E (все спеки)	2026-10-03T10:42:42.9028607Z 
Release (windows)	E2E (все спеки)	2026-10-03T10:42:42.9028733Z     Expected: ""
Release (windows)	E2E (все спеки)	2026-10-03T10:42:42.9029191Z     Received: "«Динамика (/dashboard)» — critical/serious:
Release (windows)	E2E (все спеки)	2026-10-03T10:42:42.9029999Z     serious/scrollable-region-focusable: Scrollable region must have keyboard access — селекторы: .overflow-x-auto"
Release (windows)	E2E (все спеки)	2026-10-03T10:42:42.9030581Z 
Release (windows)	E2E (все спеки)	2026-10-03T10:42:42.9030719Z       375 |           problems.join('\n\n'),
Release (windows)	E2E (все спеки)	2026-10-03T10:42:42.9031390Z       376 |           `нарушения axe (${theme.value} × ${scale.cls}); реестр отложенных — docs/a11y-deferred.md`,
Release (windows)	E2E (все спеки)	2026-10-03T10:42:42.9031920Z     > 377 |         ).toBe('');
Release (windows)	E2E (все спеки)	2026-10-03T10:42:42.9032238Z           |           ^
Release (windows)	E2E (все спеки)	2026-10-03T10:42:42.9032504Z       378 |       });
Release (windows)	E2E (все спеки)	2026-10-03T10:42:42.9032757Z       379 |     }
Release (windows)	E2E (все спеки)	2026-10-03T10:42:42.9032999Z       380 |   }
Release (windows)	E2E (все спеки)	2026-10-03T10:42:42.9033452Z         at D:\a\health-log\health-log\apps\desktop\tests\e2e\a11y-full.spec.ts:377:11
Release (windows)	E2E (все спеки)	2026-10-03T10:42:42.9034025Z 
Release (windows)	E2E (все спеки)	2026-10-03T10:42:42.9034988Z     Error Context: test-results\a11y-full-a11y-матрица-7-м-2ef02-ical-serious-на-7-маршрутах-e2e-electron\error-context.md
Release (windows)	E2E (все спеки)	2026-10-03T10:42:42.9035529Z 
Release (windows)	E2E (все спеки)	2026-10-03T10:42:42.9035949Z     Retry #1 ───────────────────────────────────────────────────────────────────────────────────────
Release (windows)	E2E (все спеки)	2026-10-03T10:42:42.9036287Z 
Release (windows)	E2E (все спеки)	2026-10-03T10:42:42.9036657Z     Error: нарушения axe (light × hl-text-100); реестр отложенных — docs/a11y-deferred.md
Release (windows)	E2E (все спеки)	2026-10-03T10:42:42.9037338Z 
Release (windows)	E2E (все спеки)	2026-10-03T10:42:42.9037536Z     expect(received).toBe(expected) // Object.is equality
Release (windows)	E2E (все спеки)	2026-10-03T10:42:42.9037823Z 
Release (windows)	E2E (все спеки)	2026-10-03T10:42:42.9037948Z     Expected: ""
Release (windows)	E2E (все спеки)	2026-10-03T10:42:42.9038732Z     Received: "«Динамика (/dashboard)» — critical/serious:
Release (windows)	E2E (все спеки)	2026-10-03T10:42:42.9039567Z     serious/scrollable-region-focusable: Scrollable region must have keyboard access — селекторы: .overflow-x-auto"
Release (windows)	E2E (все спеки)	2026-10-03T10:42:42.9040083Z 
Release (windows)	E2E (все спеки)	2026-10-03T10:42:42.9040256Z       375 |           problems.join('\n\n'),
Release (windows)	E2E (все спеки)	2026-10-03T10:42:42.9040885Z       376 |           `нарушения axe (${theme.value} × ${scale.cls}); реестр отложенных — docs/a11y-deferred.md`,
Release (windows)	E2E (все спеки)	2026-10-03T10:42:42.9041430Z     > 377 |         ).toBe('');
Release (windows)	E2E (все спеки)	2026-10-03T10:42:42.9041720Z           |           ^
Release (windows)	E2E (все спеки)	2026-10-03T10:42:42.9042987Z       378 |       });
Release (windows)	E2E (все спеки)	2026-10-03T10:42:42.9043287Z       379 |     }
Release (windows)	E2E (все спеки)	2026-10-03T10:42:42.9043548Z       380 |   }
Release (windows)	E2E (все спеки)	2026-10-03T10:42:42.9043989Z         at D:\a\health-log\health-log\apps\desktop\tests\e2e\a11y-full.spec.ts:377:11
Release (windows)	E2E (все спеки)	2026-10-03T10:42:42.9044713Z 
Release (windows)	E2E (все спеки)	2026-10-03T10:42:42.9045801Z     Error Context: test-results\a11y-full-a11y-матрица-7-м-2ef02-ical-serious-на-7-маршрутах-e2e-electron-retry1\error-context.md
Release (windows)	E2E (все спеки)	2026-10-03T10:42:42.9046719Z 
Release (windows)	E2E (все спеки)	2026-10-03T10:42:42.9047954Z   2) [e2e-electron] › tests\e2e\a11y-full.spec.ts:326:7 › a11y-матрица 7 маршрутов × 2 темы × 3 масштаба (TASK-108 §5/§20) › Светлая тема × Крупный: 0 critical/serious на 7 маршрутах 
Release (windows)	E2E (все спеки)	2026-10-03T10:42:42.9049009Z 
Release (windows)	E2E (все спеки)	2026-10-03T10:42:42.9049622Z     Error: нарушения axe (light × hl-text-112); реестр отложенных — docs/a11y-deferred.md
Release (windows)	E2E (все спеки)	2026-10-03T10:42:42.9050195Z 
Release (windows)	E2E (все спеки)	2026-10-03T10:42:42.9050543Z     expect(received).toBe(expected) // Object.is equality
Release (windows)	E2E (все спеки)	2026-10-03T10:42:42.9051043Z 
Release (windows)	E2E (все спеки)	2026-10-03T10:42:42.9051200Z     Expected: ""
Release (windows)	E2E (все спеки)	2026-10-03T10:42:42.9051909Z     Received: "«Динамика (/dashboard)» — critical/serious:
Release (windows)	E2E (все спеки)	2026-10-03T10:42:42.9053263Z     serious/scrollable-region-focusable: Scrollable region must have keyboard access — селекторы: .overflow-x-auto"
Release (windows)	E2E (все спеки)	2026-10-03T10:42:42.9054187Z 
Release (windows)	E2E (все спеки)	2026-10-03T10:42:42.9054408Z       375 |           problems.join('\n\n'),
Release (windows)	E2E (все спеки)	2026-10-03T10:42:42.9055528Z       376 |           `нарушения axe (${theme.value} × ${scale.cls}); реестр отложенных — docs/a11y-deferred.md`,
Release (windows)	E2E (все спеки)	2026-10-03T10:42:42.9056404Z     > 377 |         ).toBe('');
Release (windows)	E2E (все спеки)	2026-10-03T10:42:42.9056859Z           |           ^
Release (windows)	E2E (все спеки)	2026-10-03T10:42:42.9057303Z       378 |       });
Release (windows)	E2E (все спеки)	2026-10-03T10:42:42.9057705Z       379 |     }
Release (windows)	E2E (все спеки)	2026-10-03T10:42:42.9058089Z       380 |   }
Release (windows)	E2E (все спеки)	2026-10-03T10:42:42.9059141Z         at D:\a\health-log\health-log\apps\desktop\tests\e2e\a11y-full.spec.ts:377:11
Release (windows)	E2E (все спеки)	2026-10-03T10:42:42.9059753Z 
Release (windows)	E2E (все спеки)	2026-10-03T10:42:42.9061023Z     Error Context: test-results\a11y-full-a11y-матрица-7-м-aa88b-ical-serious-на-7-маршрутах-e2e-electron\error-context.md
Release (windows)	E2E (все спеки)	2026-10-03T10:42:42.9063566Z 
Release (windows)	E2E (все спеки)	2026-10-03T10:42:42.9064769Z     Retry #1 ───────────────────────────────────────────────────────────────────────────────────────
Release (windows)	E2E (все спеки)	2026-10-03T10:42:42.9065454Z 
Release (windows)	E2E (все спеки)	2026-10-03T10:42:42.9066206Z     Error: нарушения axe (light × hl-text-112); реестр отложенных — docs/a11y-deferred.md
Release (windows)	E2E (все спеки)	2026-10-03T10:42:42.9066903Z 
Release (windows)	E2E (все спеки)	2026-10-03T10:42:42.9067225Z     expect(received).toBe(expected) // Object.is equality
Release (windows)	E2E (все спеки)	2026-10-03T10:42:42.9067544Z 
Release (windows)	E2E (все спеки)	2026-10-03T10:42:42.9067676Z     Expected: ""
Release (windows)	E2E (все спеки)	2026-10-03T10:42:42.9068148Z     Received: "«Динамика (/dashboard)» — critical/serious:
Release (windows)	E2E (все спеки)	2026-10-03T10:42:42.9069522Z     serious/scrollable-region-focusable: Scrollable region must have keyboard access — селекторы: .overflow-x-auto"
Release (windows)	E2E (все спеки)	2026-10-03T10:42:42.9070473Z 
Release (windows)	E2E (все спеки)	2026-10-03T10:42:42.9070786Z       375 |           problems.join('\n\n'),
Release (windows)	E2E (все спеки)	2026-10-03T10:42:42.9072200Z       376 |           `нарушения axe (${theme.value} × ${scale.cls}); реестр отложенных — docs/a11y-deferred.md`,
Release (windows)	E2E (все спеки)	2026-10-03T10:42:42.9072807Z     > 377 |         ).toBe('');
Release (windows)	E2E (все спеки)	2026-10-03T10:42:42.9073101Z           |           ^
Release (windows)	E2E (все спеки)	2026-10-03T10:42:42.9073432Z       378 |       });
Release (windows)	E2E (все спеки)	2026-10-03T10:42:42.9073862Z       379 |     }
Release (windows)	E2E (все спеки)	2026-10-03T10:42:42.9074682Z       380 |   }
Release (windows)	E2E (все спеки)	2026-10-03T10:42:42.9075433Z         at D:\a\health-log\health-log\apps\desktop\tests\e2e\a11y-full.spec.ts:377:11
Release (windows)	E2E (все спеки)	2026-10-03T10:42:42.9076107Z 
Release (windows)	E2E (все спеки)	2026-10-03T10:42:42.9077239Z     Error Context: test-results\a11y-full-a11y-матрица-7-м-aa88b-ical-serious-на-7-маршрутах-e2e-electron-retry1\error-context.md
Release (windows)	E2E (все спеки)	2026-10-03T10:42:42.9078077Z 
Release (windows)	E2E (все спеки)	2026-10-03T10:42:42.9079330Z   3) [e2e-electron] › tests\e2e\a11y-full.spec.ts:326:7 › a11y-матрица 7 маршрутов × 2 темы × 3 масштаба (TASK-108 §5/§20) › Светлая тема × Очень крупный: 0 critical/serious на 7 маршрутах 
Release (windows)	E2E (все спеки)	2026-10-03T10:42:42.9080524Z 
Release (windows)	E2E (все спеки)	2026-10-03T10:42:42.9081214Z     Error: нарушения axe (light × hl-text-125); реестр отложенных — docs/a11y-deferred.md
Release (windows)	E2E (все спеки)	2026-10-03T10:42:42.9081891Z 
Release (windows)	E2E (все спеки)	2026-10-03T10:42:42.9082642Z     expect(received).toBe(expected) // Object.is equality
Release (windows)	E2E (все спеки)	2026-10-03T10:42:42.9083175Z 
Release (windows)	E2E (все спеки)	2026-10-03T10:42:42.9083358Z     Expected: ""
Release (windows)	E2E (все спеки)	2026-10-03T10:42:42.9084136Z     Received: "«Динамика (/dashboard)» — critical/serious:
Release (windows)	E2E (все спеки)	2026-10-03T10:42:42.9085611Z     serious/scrollable-region-focusable: Scrollable region must have keyboard access — селекторы: .overflow-x-auto"
Release (windows)	E2E (все спеки)	2026-10-03T10:42:42.9086598Z 
Release (windows)	E2E (все спеки)	2026-10-03T10:42:42.9086885Z       375 |           problems.join('\n\n'),
Release (windows)	E2E (все спеки)	2026-10-03T10:42:42.9089265Z       376 |           `нарушения axe (${theme.value} × ${scale.cls}); реестр отложенных — docs/a11y-deferred.md`,
Release (windows)	E2E (все спеки)	2026-10-03T10:42:42.9090276Z     > 377 |         ).toBe('');
Release (windows)	E2E (все спеки)	2026-10-03T10:42:42.9090854Z           |           ^
Release (windows)	E2E (все спеки)	2026-10-03T10:42:42.9093557Z       378 |       });
Release (windows)	E2E (все спеки)	2026-10-03T10:42:42.9094075Z       379 |     }
Release (windows)	E2E (все спеки)	2026-10-03T10:42:42.9094542Z       380 |   }
Release (windows)	E2E (все спеки)	2026-10-03T10:42:42.9095236Z         at D:\a\health-log\health-log\apps\desktop\tests\e2e\a11y-full.spec.ts:377:11
Release (windows)	E2E (все спеки)	2026-10-03T10:42:42.9095831Z 
Release (windows)	E2E (все спеки)	2026-10-03T10:42:42.9096808Z     Error Context: test-results\a11y-full-a11y-матрица-7-м-663dc-ical-serious-на-7-маршрутах-e2e-electron\error-context.md
Release (windows)	E2E (все спеки)	2026-10-03T10:42:42.9097654Z 
Release (windows)	E2E (все спеки)	2026-10-03T10:42:42.9098256Z     Retry #1 ───────────────────────────────────────────────────────────────────────────────────────
Release (windows)	E2E (все спеки)	2026-10-03T10:42:42.9099096Z 
Release (windows)	E2E (все спеки)	2026-10-03T10:42:42.9099716Z     Error: нарушения axe (light × hl-text-125); реестр отложенных — docs/a11y-deferred.md
Release (windows)	E2E (все спеки)	2026-10-03T10:42:42.9100308Z 
Release (windows)	E2E (все спеки)	2026-10-03T10:42:42.9100610Z     expect(received).toBe(expected) // Object.is equality
Release (windows)	E2E (все спеки)	2026-10-03T10:42:42.9101053Z 
Release (windows)	E2E (все спеки)	2026-10-03T10:42:42.9101232Z     Expected: ""
Release (windows)	E2E (все спеки)	2026-10-03T10:42:42.9101845Z     Received: "«Динамика (/dashboard)» — critical/serious:
Release (windows)	E2E (все спеки)	2026-10-03T10:42:42.9103105Z     serious/scrollable-region-focusable: Scrollable region must have keyboard access — селекторы: .overflow-x-auto"
Release (windows)	E2E (все спеки)	2026-10-03T10:42:42.9103930Z 
Release (windows)	E2E (все спеки)	2026-10-03T10:42:42.9104180Z       375 |           problems.join('\n\n'),
Release (windows)	E2E (все спеки)	2026-10-03T10:42:42.9105204Z       376 |           `нарушения axe (${theme.value} × ${scale.cls}); реестр отложенных — docs/a11y-deferred.md`,
Release (windows)	E2E (все спеки)	2026-10-03T10:42:42.9106030Z     > 377 |         ).toBe('');
Release (windows)	E2E (все спеки)	2026-10-03T10:42:42.9106791Z           |           ^
Release (windows)	E2E (все спеки)	2026-10-03T10:42:42.9107208Z       378 |       });
Release (windows)	E2E (все спеки)	2026-10-03T10:42:42.9107595Z       379 |     }
Release (windows)	E2E (все спеки)	2026-10-03T10:42:42.9108006Z       380 |   }
Release (windows)	E2E (все спеки)	2026-10-03T10:42:42.9108663Z         at D:\a\health-log\health-log\apps\desktop\tests\e2e\a11y-full.spec.ts:377:11
Release (windows)	E2E (все спеки)	2026-10-03T10:42:42.9109533Z 
Release (windows)	E2E (все спеки)	2026-10-03T10:42:42.9110432Z     Error Context: test-results\a11y-full-a11y-матрица-7-м-663dc-ical-serious-на-7-маршрутах-e2e-electron-retry1\error-context.md
Release (windows)	E2E (все спеки)	2026-10-03T10:42:42.9111314Z 
Release (windows)	E2E (все спеки)	2026-10-03T10:42:42.9112749Z   4) [e2e-electron] › tests\e2e\a11y-full.spec.ts:326:7 › a11y-матрица 7 маршрутов × 2 темы × 3 масштаба (TASK-108 §5/§20) › Тёмная тема × Обычный: 0 critical/serious на 7 маршрутах 
Release (windows)	E2E (все спеки)	2026-10-03T10:42:42.9113688Z 
Release (windows)	E2E (все спеки)	2026-10-03T10:42:42.9114209Z     Error: нарушения axe (dark × hl-text-100); реестр отложенных — docs/a11y-deferred.md
Release (windows)	E2E (все спеки)	2026-10-03T10:42:42.9114946Z 
Release (windows)	E2E (все спеки)	2026-10-03T10:42:42.9115251Z     expect(received).toBe(expected) // Object.is equality
Release (windows)	E2E (все спеки)	2026-10-03T10:42:42.9115660Z 
Release (windows)	E2E (все спеки)	2026-10-03T10:42:42.9115865Z     Expected: ""
Release (windows)	E2E (все спеки)	2026-10-03T10:42:42.9116467Z     Received: "«Динамика (/dashboard)» — critical/serious:
Release (windows)	E2E (все спеки)	2026-10-03T10:42:42.9117701Z     serious/scrollable-region-focusable: Scrollable region must have keyboard access — селекторы: .overflow-x-auto"
Release (windows)	E2E (все спеки)	2026-10-03T10:42:42.9118438Z 
Release (windows)	E2E (все спеки)	2026-10-03T10:42:42.9118639Z       375 |           problems.join('\n\n'),
Release (windows)	E2E (все спеки)	2026-10-03T10:42:42.9119589Z       376 |           `нарушения axe (${theme.value} × ${scale.cls}); реестр отложенных — docs/a11y-deferred.md`,
Release (windows)	E2E (все спеки)	2026-10-03T10:42:42.9120385Z     > 377 |         ).toBe('');
Release (windows)	E2E (все спеки)	2026-10-03T10:42:42.9120824Z           |           ^
Release (windows)	E2E (все спеки)	2026-10-03T10:42:42.9121207Z       378 |       });
Release (windows)	E2E (все спеки)	2026-10-03T10:42:42.9121620Z       379 |     }
Release (windows)	E2E (все спеки)	2026-10-03T10:42:42.9121949Z       380 |   }
Release (windows)	E2E (все спеки)	2026-10-03T10:42:42.9122632Z         at D:\a\health-log\health-log\apps\desktop\tests\e2e\a11y-full.spec.ts:377:11
Release (windows)	E2E (все спеки)	2026-10-03T10:42:42.9123229Z 
Release (windows)	E2E (все спеки)	2026-10-03T10:42:42.9124081Z     Error Context: test-results\a11y-full-a11y-матрица-7-м-63362-ical-serious-на-7-маршрутах-e2e-electron\error-context.md
Release (windows)	E2E (все спеки)	2026-10-03T10:42:42.9125179Z 
Release (windows)	E2E (все спеки)	2026-10-03T10:42:42.9125815Z     Retry #1 ───────────────────────────────────────────────────────────────────────────────────────
Release (windows)	E2E (все спеки)	2026-10-03T10:42:42.9126374Z 
Release (windows)	E2E (все спеки)	2026-10-03T10:42:42.9126972Z     Error: нарушения axe (dark × hl-text-100); реестр отложенных — docs/a11y-deferred.md
Release (windows)	E2E (все спеки)	2026-10-03T10:42:42.9127499Z 
Release (windows)	E2E (все спеки)	2026-10-03T10:42:42.9127828Z     expect(received).toBe(expected) // Object.is equality
Release (windows)	E2E (все спеки)	2026-10-03T10:42:42.9128257Z 
Release (windows)	E2E (все спеки)	2026-10-03T10:42:42.9128407Z     Expected: ""
Release (windows)	E2E (все спеки)	2026-10-03T10:42:42.9129078Z     Received: "«Динамика (/dashboard)» — critical/serious:
Release (windows)	E2E (все спеки)	2026-10-03T10:42:42.9130667Z     serious/scrollable-region-focusable: Scrollable region must have keyboard access — селекторы: .overflow-x-auto"
Release (windows)	E2E (все спеки)	2026-10-03T10:42:42.9131513Z 
Release (windows)	E2E (все спеки)	2026-10-03T10:42:42.9131770Z       375 |           problems.join('\n\n'),
Release (windows)	E2E (все спеки)	2026-10-03T10:42:42.9132791Z       376 |           `нарушения axe (${theme.value} × ${scale.cls}); реестр отложенных — docs/a11y-deferred.md`,
Release (windows)	E2E (все спеки)	2026-10-03T10:42:42.9133611Z     > 377 |         ).toBe('');
Release (windows)	E2E (все спеки)	2026-10-03T10:42:42.9134087Z           |           ^
Release (windows)	E2E (все спеки)	2026-10-03T10:42:42.9134477Z       378 |       });
Release (windows)	E2E (все спеки)	2026-10-03T10:42:42.9134847Z       379 |     }
Release (windows)	E2E (все спеки)	2026-10-03T10:42:42.9135210Z       380 |   }
Release (windows)	E2E (все спеки)	2026-10-03T10:42:42.9135900Z         at D:\a\health-log\health-log\apps\desktop\tests\e2e\a11y-full.spec.ts:377:11
Release (windows)	E2E (все спеки)	2026-10-03T10:42:42.9136500Z 
Release (windows)	E2E (все спеки)	2026-10-03T10:42:42.9137437Z     Error Context: test-results\a11y-full-a11y-матрица-7-м-63362-ical-serious-на-7-маршрутах-e2e-electron-retry1\error-context.md
Release (windows)	E2E (все спеки)	2026-10-03T10:42:42.9138347Z 
Release (windows)	E2E (все спеки)	2026-10-03T10:42:42.9139604Z   5) [e2e-electron] › tests\e2e\a11y-full.spec.ts:326:7 › a11y-матрица 7 маршрутов × 2 темы × 3 масштаба (TASK-108 §5/§20) › Тёмная тема × Крупный: 0 critical/serious на 7 маршрутах 
Release (windows)	E2E (все спеки)	2026-10-03T10:42:42.9140555Z 
Release (windows)	E2E (все спеки)	2026-10-03T10:42:42.9166810Z     Error: нарушения axe (dark × hl-text-112); реестр отложенных — docs/a11y-deferred.md
Release (windows)	E2E (все спеки)	2026-10-03T10:42:42.9167695Z 
Release (windows)	E2E (все спеки)	2026-10-03T10:42:42.9167989Z     expect(received).toBe(expected) // Object.is equality
Release (windows)	E2E (все спеки)	2026-10-03T10:42:42.9168448Z 
Release (windows)	E2E (все спеки)	2026-10-03T10:42:42.9168579Z     Expected: ""
Release (windows)	E2E (все спеки)	2026-10-03T10:42:42.9170252Z     Received: "«Динамика (/dashboard)» — critical/serious:
Release (windows)	E2E (все спеки)	2026-10-03T10:42:42.9171510Z     serious/scrollable-region-focusable: Scrollable region must have keyboard access — селекторы: .overflow-x-auto"
Release (windows)	E2E (все спеки)	2026-10-03T10:42:42.9172351Z 
Release (windows)	E2E (все спеки)	2026-10-03T10:42:42.9172578Z       375 |           problems.join('\n\n'),
Release (windows)	E2E (все спеки)	2026-10-03T10:42:42.9173440Z       376 |           `нарушения axe (${theme.value} × ${scale.cls}); реестр отложенных — docs/a11y-deferred.md`,
Release (windows)	E2E (все спеки)	2026-10-03T10:42:42.9173933Z     > 377 |         ).toBe('');
Release (windows)	E2E (все спеки)	2026-10-03T10:42:42.9174163Z           |           ^
Release (windows)	E2E (все спеки)	2026-10-03T10:42:42.9175201Z       378 |       });
Release (windows)	E2E (все спеки)	2026-10-03T10:42:42.9175403Z       379 |     }
Release (windows)	E2E (все спеки)	2026-10-03T10:42:42.9175591Z       380 |   }
Release (windows)	E2E (все спеки)	2026-10-03T10:42:42.9175969Z         at D:\a\health-log\health-log\apps\desktop\tests\e2e\a11y-full.spec.ts:377:11
Release (windows)	E2E (все спеки)	2026-10-03T10:42:42.9176321Z 
Release (windows)	E2E (все спеки)	2026-10-03T10:42:42.9176879Z     Error Context: test-results\a11y-full-a11y-матрица-7-м-a2ee9-ical-serious-на-7-маршрутах-e2e-electron\error-context.md
Release (windows)	E2E (все спеки)	2026-10-03T10:42:42.9177351Z 
Release (windows)	E2E (все спеки)	2026-10-03T10:42:42.9177681Z     Retry #1 ───────────────────────────────────────────────────────────────────────────────────────
Release (windows)	E2E (все спеки)	2026-10-03T10:42:42.9178050Z 
Release (windows)	E2E (все спеки)	2026-10-03T10:42:42.9178400Z     Error: нарушения axe (dark × hl-text-112); реестр отложенных — docs/a11y-deferred.md
Release (windows)	E2E (все спеки)	2026-10-03T10:42:42.9178747Z 
Release (windows)	E2E (все спеки)	2026-10-03T10:42:42.9178927Z     expect(received).toBe(expected) // Object.is equality
Release (windows)	E2E (все спеки)	2026-10-03T10:42:42.9179189Z 
Release (windows)	E2E (все спеки)	2026-10-03T10:42:42.9179297Z     Expected: ""
Release (windows)	E2E (все спеки)	2026-10-03T10:42:42.9179662Z     Received: "«Динамика (/dashboard)» — critical/serious:
Release (windows)	E2E (все спеки)	2026-10-03T10:42:42.9180431Z     serious/scrollable-region-focusable: Scrollable region must have keyboard access — селекторы: .overflow-x-auto"
Release (windows)	E2E (все спеки)	2026-10-03T10:42:42.9180933Z 
Release (windows)	E2E (все спеки)	2026-10-03T10:42:42.9181089Z       375 |           problems.join('\n\n'),
Release (windows)	E2E (все спеки)	2026-10-03T10:42:42.9181700Z       376 |           `нарушения axe (${theme.value} × ${scale.cls}); реестр отложенных — docs/a11y-deferred.md`,
Release (windows)	E2E (все спеки)	2026-10-03T10:42:42.9182194Z     > 377 |         ).toBe('');
Release (windows)	E2E (все спеки)	2026-10-03T10:42:42.9182507Z           |           ^
Release (windows)	E2E (все спеки)	2026-10-03T10:42:42.9182746Z       378 |       });
Release (windows)	E2E (все спеки)	2026-10-03T10:42:42.9182989Z       379 |     }
Release (windows)	E2E (все спеки)	2026-10-03T10:42:42.9183266Z       380 |   }
Release (windows)	E2E (все спеки)	2026-10-03T10:42:42.9183685Z         at D:\a\health-log\health-log\apps\desktop\tests\e2e\a11y-full.spec.ts:377:11
Release (windows)	E2E (все спеки)	2026-10-03T10:42:42.9184056Z 
Release (windows)	E2E (все спеки)	2026-10-03T10:42:42.9184605Z     Error Context: test-results\a11y-full-a11y-матрица-7-м-a2ee9-ical-serious-на-7-маршрутах-e2e-electron-retry1\error-context.md
Release (windows)	E2E (все спеки)	2026-10-03T10:42:42.9185144Z 
Release (windows)	E2E (все спеки)	2026-10-03T10:42:42.9185849Z   6) [e2e-electron] › tests\e2e\a11y-full.spec.ts:326:7 › a11y-матрица 7 маршрутов × 2 темы × 3 масштаба (TASK-108 §5/§20) › Тёмная тема × Очень крупный: 0 critical/serious на 7 маршрутах 
Release (windows)	E2E (все спеки)	2026-10-03T10:42:42.9186461Z 
Release (windows)	E2E (все спеки)	2026-10-03T10:42:42.9186920Z     Error: нарушения axe (dark × hl-text-125); реестр отложенных — docs/a11y-deferred.md
Release (windows)	E2E (все спеки)	2026-10-03T10:42:42.9187269Z 
Release (windows)	E2E (все спеки)	2026-10-03T10:42:42.9187482Z     expect(received).toBe(expected) // Object.is equality
Release (windows)	E2E (все спеки)	2026-10-03T10:42:42.9187733Z 
Release (windows)	E2E (все спеки)	2026-10-03T10:42:42.9187861Z     Expected: ""
Release (windows)	E2E (все спеки)	2026-10-03T10:42:42.9188235Z     Received: "«Динамика (/dashboard)» — critical/serious:
Release (windows)	E2E (все спеки)	2026-10-03T10:42:42.9188998Z     serious/scrollable-region-focusable: Scrollable region must have keyboard access — селекторы: .overflow-x-auto"
Release (windows)	E2E (все спеки)	2026-10-03T10:42:42.9189727Z 
Release (windows)	E2E (все спеки)	2026-10-03T10:42:42.9189912Z       375 |           problems.join('\n\n'),
Release (windows)	E2E (все спеки)	2026-10-03T10:42:42.9190781Z       376 |           `нарушения axe (${theme.value} × ${scale.cls}); реестр отложенных — docs/a11y-deferred.md`,
Release (windows)	E2E (все спеки)	2026-10-03T10:42:42.9191416Z     > 377 |         ).toBe('');
Release (windows)	E2E (все спеки)	2026-10-03T10:42:42.9191705Z           |           ^
Release (windows)	E2E (все спеки)	2026-10-03T10:42:42.9191966Z       378 |       });
Release (windows)	E2E (все спеки)	2026-10-03T10:42:42.9192264Z       379 |     }
Release (windows)	E2E (все спеки)	2026-10-03T10:42:42.9192517Z       380 |   }
Release (windows)	E2E (все спеки)	2026-10-03T10:42:42.9192940Z         at D:\a\health-log\health-log\apps\desktop\tests\e2e\a11y-full.spec.ts:377:11
Release (windows)	E2E (все спеки)	2026-10-03T10:42:42.9193307Z 
Release (windows)	E2E (все спеки)	2026-10-03T10:42:42.9193842Z     Error Context: test-results\a11y-full-a11y-матрица-7-м-dea6f-ical-serious-на-7-маршрутах-e2e-electron\error-context.md
Release (windows)	E2E (все спеки)	2026-10-03T10:42:42.9194319Z 
Release (windows)	E2E (все спеки)	2026-10-03T10:42:42.9194660Z     Retry #1 ───────────────────────────────────────────────────────────────────────────────────────
Release (windows)	E2E (все спеки)	2026-10-03T10:42:42.9195005Z 
Release (windows)	E2E (все спеки)	2026-10-03T10:42:42.9195335Z     Error: нарушения axe (dark × hl-text-125); реестр отложенных — docs/a11y-deferred.md
Release (windows)	E2E (все спеки)	2026-10-03T10:42:42.9195649Z 
Release (windows)	E2E (все спеки)	2026-10-03T10:42:42.9195838Z     expect(received).toBe(expected) // Object.is equality
Release (windows)	E2E (все спеки)	2026-10-03T10:42:42.9196090Z 
Release (windows)	E2E (все спеки)	2026-10-03T10:42:42.9196199Z     Expected: ""
Release (windows)	E2E (все спеки)	2026-10-03T10:42:42.9196560Z     Received: "«Динамика (/dashboard)» — critical/serious:
Release (windows)	E2E (все спеки)	2026-10-03T10:42:42.9197273Z     serious/scrollable-region-focusable: Scrollable region must have keyboard access — селекторы: .overflow-x-auto"
Release (windows)	E2E (все спеки)	2026-10-03T10:42:42.9197731Z 
Release (windows)	E2E (все спеки)	2026-10-03T10:42:42.9197862Z       375 |           problems.join('\n\n'),
Release (windows)	E2E (все спеки)	2026-10-03T10:42:42.9198452Z       376 |           `нарушения axe (${theme.value} × ${scale.cls}); реестр отложенных — docs/a11y-deferred.md`,
Release (windows)	E2E (все спеки)	2026-10-03T10:42:42.9198946Z     > 377 |         ).toBe('');
Release (windows)	E2E (все спеки)	2026-10-03T10:42:42.9199260Z           |           ^
Release (windows)	E2E (все спеки)	2026-10-03T10:42:42.9199514Z       378 |       });
Release (windows)	E2E (все спеки)	2026-10-03T10:42:42.9199768Z       379 |     }
Release (windows)	E2E (все спеки)	2026-10-03T10:42:42.9200002Z       380 |   }
Release (windows)	E2E (все спеки)	2026-10-03T10:42:42.9200344Z         at D:\a\health-log\health-log\apps\desktop\tests\e2e\a11y-full.spec.ts:377:11
Release (windows)	E2E (все спеки)	2026-10-03T10:42:42.9200679Z 
Release (windows)	E2E (все спеки)	2026-10-03T10:42:42.9201214Z     Error Context: test-results\a11y-full-a11y-матрица-7-м-dea6f-ical-serious-на-7-маршрутах-e2e-electron-retry1\error-context.md
Release (windows)	E2E (все спеки)	2026-10-03T10:42:42.9201747Z 
Release (windows)	E2E (все спеки)	2026-10-03T10:42:42.9202373Z   7) [e2e-electron] › tests\e2e\ai-models.spec.ts:45:3 › витрина моделей (TASK-081 §20 AC6) › dev-модель: скачать (с согласия, мимо сети §22) → выбрать → статус выбранной 
Release (windows)	E2E (все спеки)	2026-10-03T10:42:42.9202927Z 
Release (windows)	E2E (все спеки)	2026-10-03T10:42:42.9203082Z     Error: expect(locator).toBeVisible() failed
Release (windows)	E2E (все спеки)	2026-10-03T10:42:42.9203335Z 
Release (windows)	E2E (все спеки)	2026-10-03T10:42:42.9203477Z     Locator: getByTestId('model-card')
Release (windows)	E2E (все спеки)	2026-10-03T10:42:42.9203811Z     Expected: visible
Release (windows)	E2E (все спеки)	2026-10-03T10:42:42.9204268Z     Error: strict mode violation: getByTestId('model-card') resolved to 2 elements:
Release (windows)	E2E (все спеки)	2026-10-03T10:42:42.9205452Z         1) <article data-testid="model-card" aria-label="Llama 3.2 1B Instruct" class="mb-4 rounded-md border border-border p-4">…</article> aka getByRole('article', { name: 'Llama 3.2 1B Instruct' })
Release (windows)	E2E (все спеки)	2026-10-03T10:42:42.9206991Z         2) <article data-testid="model-card" aria-label="Dev Placeholder Model" class="mb-4 rounded-md border border-border p-4">…</article> aka getByRole('article', { name: 'Dev Placeholder Model' })
Release (windows)	E2E (все спеки)	2026-10-03T10:42:42.9207754Z 
Release (windows)	E2E (все спеки)	2026-10-03T10:42:42.9207872Z     Call log:
Release (windows)	E2E (все спеки)	2026-10-03T10:42:42.9208378Z       - Expect "toBeVisible" getByTestId('model-card') with timeout 5000ms
Release (windows)	E2E (все спеки)	2026-10-03T10:42:42.9208865Z       - waiting for getByTestId('model-card')
Release (windows)	E2E (все спеки)	2026-10-03T10:42:42.9209111Z 
Release (windows)	E2E (все спеки)	2026-10-03T10:42:42.9209117Z 
Release (windows)	E2E (все спеки)	2026-10-03T10:42:42.9209339Z       62 |     await window.getByTestId('ai-tab-model').click();
Release (windows)	E2E (все спеки)	2026-10-03T10:42:42.9210036Z       63 |     const card = window.getByTestId('model-card');
Release (windows)	E2E (все спеки)	2026-10-03T10:42:42.9210671Z     > 64 |     await expect(card).toBeVisible();
Release (windows)	E2E (все спеки)	2026-10-03T10:42:42.9211064Z          |                        ^
Release (windows)	E2E (все спеки)	2026-10-03T10:42:42.9211583Z       65 |     await expect(window.getByTestId('model-name')).toHaveText('Dev Placeholder Model');
Release (windows)	E2E (все спеки)	2026-10-03T10:42:42.9212198Z       66 |     const download = window.getByTestId('model-download');
Release (windows)	E2E (все спеки)	2026-10-03T10:42:42.9212919Z       67 |     await expect(download).toHaveText('Скачать');
Release (windows)	E2E (все спеки)	2026-10-03T10:42:42.9213452Z         at D:\a\health-log\health-log\apps\desktop\tests\e2e\ai-models.spec.ts:64:24
Release (windows)	E2E (все спеки)	2026-10-03T10:42:42.9213818Z 
Release (windows)	E2E (все спеки)	2026-10-03T10:42:42.9214347Z     Error Context: test-results\ai-models-витрина-моделей--d8f34--выбрать-→-статус-выбранной-e2e-electron\error-context.md
Release (windows)	E2E (все спеки)	2026-10-03T10:42:42.9214799Z 
Release (windows)	E2E (все спеки)	2026-10-03T10:42:42.9215160Z     Retry #1 ───────────────────────────────────────────────────────────────────────────────────────
Release (windows)	E2E (все спеки)	2026-10-03T10:42:42.9215498Z 
Release (windows)	E2E (все спеки)	2026-10-03T10:42:42.9215654Z     Error: expect(locator).toBeVisible() failed
Release (windows)	E2E (все спеки)	2026-10-03T10:42:42.9215893Z 
Release (windows)	E2E (все спеки)	2026-10-03T10:42:42.9216056Z     Locator: getByTestId('model-card')
Release (windows)	E2E (все спеки)	2026-10-03T10:42:42.9216367Z     Expected: visible
Release (windows)	E2E (все спеки)	2026-10-03T10:42:42.9216809Z     Error: strict mode violation: getByTestId('model-card') resolved to 2 elements:
Release (windows)	E2E (все спеки)	2026-10-03T10:42:42.9218018Z         1) <article data-testid="model-card" aria-label="Llama 3.2 1B Instruct" class="mb-4 rounded-md border border-border p-4">…</article> aka getByRole('article', { name: 'Llama 3.2 1B Instruct' })
Release (windows)	E2E (все спеки)	2026-10-03T10:42:42.9219566Z         2) <article data-testid="model-card" aria-label="Dev Placeholder Model" class="mb-4 rounded-md border border-border p-4">…</article> aka getByRole('article', { name: 'Dev Placeholder Model' })
Release (windows)	E2E (все спеки)	2026-10-03T10:42:42.9220312Z 
Release (windows)	E2E (все спеки)	2026-10-03T10:42:42.9220432Z     Call log:
Release (windows)	E2E (все спеки)	2026-10-03T10:42:42.9220825Z       - Expect "toBeVisible" getByTestId('model-card') with timeout 5000ms
Release (windows)	E2E (все спеки)	2026-10-03T10:42:42.9221300Z       - waiting for getByTestId('model-card')
Release (windows)	E2E (все спеки)	2026-10-03T10:42:42.9221547Z 
Release (windows)	E2E (все спеки)	2026-10-03T10:42:42.9221553Z 
Release (windows)	E2E (все спеки)	2026-10-03T10:42:42.9221762Z       62 |     await window.getByTestId('ai-tab-model').click();
Release (windows)	E2E (все спеки)	2026-10-03T10:42:42.9222210Z       63 |     const card = window.getByTestId('model-card');
Release (windows)	E2E (все спеки)	2026-10-03T10:42:42.9222655Z     > 64 |     await expect(card).toBeVisible();
Release (windows)	E2E (все спеки)	2026-10-03T10:42:42.9223013Z          |                        ^
Release (windows)	E2E (все спеки)	2026-10-03T10:42:42.9223524Z       65 |     await expect(window.getByTestId('model-name')).toHaveText('Dev Placeholder Model');
Release (windows)	E2E (все спеки)	2026-10-03T10:42:42.9224163Z       66 |     const download = window.getByTestId('model-download');
Release (windows)	E2E (все спеки)	2026-10-03T10:42:42.9225212Z       67 |     await expect(download).toHaveText('Скачать');
Release (windows)	E2E (все спеки)	2026-10-03T10:42:42.9225752Z         at D:\a\health-log\health-log\apps\desktop\tests\e2e\ai-models.spec.ts:64:24
Release (windows)	E2E (все спеки)	2026-10-03T10:42:42.9226117Z 
Release (windows)	E2E (все спеки)	2026-10-03T10:42:42.9226654Z     Error Context: test-results\ai-models-витрина-моделей--d8f34--выбрать-→-статус-выбранной-e2e-electron-retry1\error-context.md
Release (windows)	E2E (все спеки)	2026-10-03T10:42:42.9227113Z 
Release (windows)	E2E (все спеки)	2026-10-03T10:42:42.9227861Z   8) [e2e-electron] › tests\e2e\visual-scales.spec.ts:156:7 › visual-матрица масштабов текста (TASK-048 §19/§20) › масштаб «Обычный» × light: 5 маршрутов без обрезок и перекрытий › /dashboard 
Release (windows)	E2E (все спеки)	2026-10-03T10:42:42.9228486Z 
Release (windows)	E2E (все спеки)	2026-10-03T10:42:42.9228703Z     Error: expect(page).toHaveScreenshot(expected) failed
Release (windows)	E2E (все спеки)	2026-10-03T10:42:42.9228959Z 
Release (windows)	E2E (все спеки)	2026-10-03T10:42:42.9229202Z       Expected an image 1424px by 835px, received 1008px by 655px. 
Release (windows)	E2E (все спеки)	2026-10-03T10:42:42.9229632Z 
Release (windows)	E2E (все спеки)	2026-10-03T10:42:42.9230001Z       Snapshot: scales-dashboard-light-100.png
Release (windows)	E2E (все спеки)	2026-10-03T10:42:42.9230274Z 
Release (windows)	E2E (все спеки)	2026-10-03T10:42:42.9230543Z     Call log:
Release (windows)	E2E (все спеки)	2026-10-03T10:42:42.9231087Z       - Expect "toHaveScreenshot(scales-dashboard-light-100.png)" with timeout 5000ms
Release (windows)	E2E (все спеки)	2026-10-03T10:42:42.9231631Z         - verifying given screenshot expectation
Release (windows)	E2E (все спеки)	2026-10-03T10:42:42.9232038Z       - taking page screenshot
Release (windows)	E2E (все спеки)	2026-10-03T10:42:42.9232374Z         - disabled all CSS animations
Release (windows)	E2E (все спеки)	2026-10-03T10:42:42.9232719Z       - waiting for fonts to load...
Release (windows)	E2E (все спеки)	2026-10-03T10:42:42.9233058Z       - fonts loaded
Release (windows)	E2E (все спеки)	2026-10-03T10:42:42.9233428Z       - Expected an image 1424px by 835px, received 1008px by 655px.
Release (windows)	E2E (все спеки)	2026-10-03T10:42:42.9233871Z       - waiting 100ms before taking screenshot
Release (windows)	E2E (все спеки)	2026-10-03T10:42:42.9234258Z       - taking page screenshot
Release (windows)	E2E (все спеки)	2026-10-03T10:42:42.9234589Z         - disabled all CSS animations
Release (windows)	E2E (все спеки)	2026-10-03T10:42:42.9234917Z       - waiting for fonts to load...
Release (windows)	E2E (все спеки)	2026-10-03T10:42:42.9235255Z       - fonts loaded
Release (windows)	E2E (все спеки)	2026-10-03T10:42:42.9235548Z       - captured a stable screenshot
Release (windows)	E2E (все спеки)	2026-10-03T10:42:42.9235950Z       - Expected an image 1424px by 835px, received 1008px by 655px.
Release (windows)	E2E (все спеки)	2026-10-03T10:42:42.9236254Z 
Release (windows)	E2E (все спеки)	2026-10-03T10:42:42.9236261Z 
Release (windows)	E2E (все спеки)	2026-10-03T10:42:42.9236541Z       168 |             await window.getByRole('link', { name: labelOf(route) }).click();
Release (windows)	E2E (все спеки)	2026-10-03T10:42:42.9237107Z       169 |             await expect(readyLocator(window, route)).toBeVisible();
Release (windows)	E2E (все спеки)	2026-10-03T10:42:42.9237719Z     > 170 |             await expect(window).toHaveScreenshot(screenshotName(route, theme, scale), {
Release (windows)	E2E (все спеки)	2026-10-03T10:42:42.9238260Z           |                                  ^
Release (windows)	E2E (все спеки)	2026-10-03T10:42:42.9238626Z       171 |               animations: 'disabled',
Release (windows)	E2E (все спеки)	2026-10-03T10:42:42.9239020Z       172 |               maxDiffPixelRatio: MAX_DIFF_RATIO,
Release (windows)	E2E (все спеки)	2026-10-03T10:42:42.9239639Z       173 |               // TASK-099: /settings скроллится (секция «Приватность») — fullPage,
Release (windows)	E2E (все спеки)	2026-10-03T10:42:42.9240265Z         at D:\a\health-log\health-log\apps\desktop\tests\e2e\visual-scales.spec.ts:170:34
Release (windows)	E2E (все спеки)	2026-10-03T10:42:42.9240941Z         at D:\a\health-log\health-log\apps\desktop\tests\e2e\visual-scales.spec.ts:167:11
Release (windows)	E2E (все спеки)	2026-10-03T10:42:42.9241288Z 
Release (windows)	E2E (все спеки)	2026-10-03T10:42:42.9241735Z     attachment #1: scales-dashboard-light-100 (image/png) ──────────────────────────────────────────
Release (windows)	E2E (все спеки)	2026-10-03T10:42:42.9242374Z     Expected: tests\e2e\__screenshots__\scales-dashboard-light-100.png
Release (windows)	E2E (все спеки)	2026-10-03T10:42:42.9243299Z     Received: test-results\visual-scales-visual-матри-26deb-ов-без-обрезок-и-перекрытий-e2e-electron\scales-dashboard-light-100-actual.png
Release (windows)	E2E (все спеки)	2026-10-03T10:42:42.9244375Z     Diff:     test-results\visual-scales-visual-матри-26deb-ов-без-обрезок-и-перекрытий-e2e-electron\scales-dashboard-light-100-diff.png
Release (windows)	E2E (все спеки)	2026-10-03T10:42:42.9245217Z     ────────────────────────────────────────────────────────────────────────────────────────────────
Release (windows)	E2E (все спеки)	2026-10-03T10:42:42.9245563Z 
Release (windows)	E2E (все спеки)	2026-10-03T10:42:42.9246091Z     Error Context: test-results\visual-scales-visual-матри-26deb-ов-без-обрезок-и-перекрытий-e2e-electron\error-context.md
Release (windows)	E2E (все спеки)	2026-10-03T10:42:42.9246585Z 
Release (windows)	E2E (все спеки)	2026-10-03T10:42:42.9246917Z     Retry #1 ───────────────────────────────────────────────────────────────────────────────────────
Release (windows)	E2E (все спеки)	2026-10-03T10:42:42.9247407Z 
Release (windows)	E2E (все спеки)	2026-10-03T10:42:42.9247626Z     Error: expect(page).toHaveScreenshot(expected) failed
Release (windows)	E2E (все спеки)	2026-10-03T10:42:42.9247909Z 
Release (windows)	E2E (все спеки)	2026-10-03T10:42:42.9248117Z       Expected an image 1424px by 835px, received 1008px by 655px. 
Release (windows)	E2E (все спеки)	2026-10-03T10:42:42.9248405Z 
Release (windows)	E2E (все спеки)	2026-10-03T10:42:42.9248594Z       Snapshot: scales-dashboard-light-100.png
Release (windows)	E2E (все спеки)	2026-10-03T10:42:42.9248821Z 
Release (windows)	E2E (все спеки)	2026-10-03T10:42:42.9248945Z     Call log:
Release (windows)	E2E (все спеки)	2026-10-03T10:42:42.9249388Z       - Expect "toHaveScreenshot(scales-dashboard-light-100.png)" with timeout 5000ms
Release (windows)	E2E (все спеки)	2026-10-03T10:42:42.9250188Z         - verifying given screenshot expectation
Release (windows)	E2E (все спеки)	2026-10-03T10:42:42.9250669Z       - taking page screenshot
Release (windows)	E2E (все спеки)	2026-10-03T10:42:42.9251836Z         - disabled all CSS animations
Release (windows)	E2E (все спеки)	2026-10-03T10:42:42.9252232Z       - waiting for fonts to load...
Release (windows)	E2E (все спеки)	2026-10-03T10:42:42.9252556Z       - fonts loaded
Release (windows)	E2E (все спеки)	2026-10-03T10:42:42.9252946Z       - Expected an image 1424px by 835px, received 1008px by 655px.
Release (windows)	E2E (все спеки)	2026-10-03T10:42:42.9253444Z       - waiting 100ms before taking screenshot
Release (windows)	E2E (все спеки)	2026-10-03T10:42:42.9253821Z       - taking page screenshot
Release (windows)	E2E (все спеки)	2026-10-03T10:42:42.9254164Z         - disabled all CSS animations
Release (windows)	E2E (все спеки)	2026-10-03T10:42:42.9254501Z       - waiting for fonts to load...
Release (windows)	E2E (все спеки)	2026-10-03T10:42:42.9254837Z       - fonts loaded
Release (windows)	E2E (все спеки)	2026-10-03T10:42:42.9255126Z       - captured a stable screenshot
Release (windows)	E2E (все спеки)	2026-10-03T10:42:42.9255510Z       - Expected an image 1424px by 835px, received 1008px by 655px.
Release (windows)	E2E (все спеки)	2026-10-03T10:42:42.9255814Z 
Release (windows)	E2E (все спеки)	2026-10-03T10:42:42.9255821Z 
Release (windows)	E2E (все спеки)	2026-10-03T10:42:42.9256118Z       168 |             await window.getByRole('link', { name: labelOf(route) }).click();
Release (windows)	E2E (все спеки)	2026-10-03T10:42:42.9256705Z       169 |             await expect(readyLocator(window, route)).toBeVisible();
Release (windows)	E2E (все спеки)	2026-10-03T10:42:42.9257365Z     > 170 |             await expect(window).toHaveScreenshot(screenshotName(route, theme, scale), {
Release (windows)	E2E (все спеки)	2026-10-03T10:42:42.9257883Z           |                                  ^
Release (windows)	E2E (все спеки)	2026-10-03T10:42:42.9258267Z       171 |               animations: 'disabled',
Release (windows)	E2E (все спеки)	2026-10-03T10:42:42.9258696Z       172 |               maxDiffPixelRatio: MAX_DIFF_RATIO,
Release (windows)	E2E (все спеки)	2026-10-03T10:42:42.9259323Z       173 |               // TASK-099: /settings скроллится (секция «Приватность») — fullPage,
Release (windows)	E2E (все спеки)	2026-10-03T10:42:42.9260213Z         at D:\a\health-log\health-log\apps\desktop\tests\e2e\visual-scales.spec.ts:170:34
Release (windows)	E2E (все спеки)	2026-10-03T10:42:42.9260891Z         at D:\a\health-log\health-log\apps\desktop\tests\e2e\visual-scales.spec.ts:167:11
Release (windows)	E2E (все спеки)	2026-10-03T10:42:42.9261337Z 
Release (windows)	E2E (все спеки)	2026-10-03T10:42:42.9262224Z     attachment #1: scales-dashboard-light-100 (image/png) ──────────────────────────────────────────
Release (windows)	E2E (все спеки)	2026-10-03T10:42:42.9263026Z     Expected: tests\e2e\__screenshots__\scales-dashboard-light-100.png
Release (windows)	E2E (все спеки)	2026-10-03T10:42:42.9264049Z     Received: test-results\visual-scales-visual-матри-26deb-ов-без-обрезок-и-перекрытий-e2e-electron-retry1\scales-dashboard-light-100-actual.png
Release (windows)	E2E (все спеки)	2026-10-03T10:42:42.9265200Z     Diff:     test-results\visual-scales-visual-матри-26deb-ов-без-обрезок-и-перекрытий-e2e-electron-retry1\scales-dashboard-light-100-diff.png
Release (windows)	E2E (все спеки)	2026-10-03T10:42:42.9266120Z     ────────────────────────────────────────────────────────────────────────────────────────────────
Release (windows)	E2E (все спеки)	2026-10-03T10:42:42.9266419Z 
Release (windows)	E2E (все спеки)	2026-10-03T10:42:42.9266975Z     Error Context: test-results\visual-scales-visual-матри-26deb-ов-без-обрезок-и-перекрытий-e2e-electron-retry1\error-context.md
Release (windows)	E2E (все спеки)	2026-10-03T10:42:42.9268069Z 
Release (windows)	E2E (все спеки)	2026-10-03T10:42:42.9269133Z   9) [e2e-electron] › tests\e2e\visual-scales.spec.ts:156:7 › visual-матрица масштабов текста (TASK-048 §19/§20) › масштаб «Крупный» × light: 5 маршрутов без обрезок и перекрытий › /dashboard 
Release (windows)	E2E (все спеки)	2026-10-03T10:42:42.9269805Z 
Release (windows)	E2E (все спеки)	2026-10-03T10:42:42.9270037Z     Error: expect(page).toHaveScreenshot(expected) failed
Release (windows)	E2E (все спеки)	2026-10-03T10:42:42.9270543Z 
Release (windows)	E2E (все спеки)	2026-10-03T10:42:42.9270760Z       Expected an image 1424px by 835px, received 1008px by 655px. 
Release (windows)	E2E (все спеки)	2026-10-03T10:42:42.9271063Z 
Release (windows)	E2E (все спеки)	2026-10-03T10:42:42.9271357Z       Snapshot: scales-dashboard-light-112.png
Release (windows)	E2E (все спеки)	2026-10-03T10:42:42.9271614Z 
Release (windows)	E2E (все спеки)	2026-10-03T10:42:42.9271710Z     Call log:
Release (windows)	E2E (все спеки)	2026-10-03T10:42:42.9272184Z       - Expect "toHaveScreenshot(scales-dashboard-light-112.png)" with timeout 5000ms
Release (windows)	E2E (все спеки)	2026-10-03T10:42:42.9272713Z         - verifying given screenshot expectation
Release (windows)	E2E (все спеки)	2026-10-03T10:42:42.9273091Z       - taking page screenshot
Release (windows)	E2E (все спеки)	2026-10-03T10:42:42.9273432Z         - disabled all CSS animations
Release (windows)	E2E (все спеки)	2026-10-03T10:42:42.9273783Z       - waiting for fonts to load...
Release (windows)	E2E (все спеки)	2026-10-03T10:42:42.9274090Z       - fonts loaded
Release (windows)	E2E (все спеки)	2026-10-03T10:42:42.9274455Z       - Expected an image 1424px by 835px, received 1008px by 655px.
Release (windows)	E2E (все спеки)	2026-10-03T10:42:42.9274941Z       - waiting 100ms before taking screenshot
Release (windows)	E2E (все спеки)	2026-10-03T10:42:42.9275300Z       - taking page screenshot
Release (windows)	E2E (все спеки)	2026-10-03T10:42:42.9275630Z         - disabled all CSS animations
Release (windows)	E2E (все спеки)	2026-10-03T10:42:42.9275986Z       - waiting for fonts to load...
Release (windows)	E2E (все спеки)	2026-10-03T10:42:42.9276292Z       - fonts loaded
Release (windows)	E2E (все спеки)	2026-10-03T10:42:42.9276578Z       - captured a stable screenshot
Release (windows)	E2E (все спеки)	2026-10-03T10:42:42.9277022Z       - Expected an image 1424px by 835px, received 1008px by 655px.
Release (windows)	E2E (все спеки)	2026-10-03T10:42:42.9277291Z 
Release (windows)	E2E (все спеки)	2026-10-03T10:42:42.9277298Z 
Release (windows)	E2E (все спеки)	2026-10-03T10:42:42.9277581Z       168 |             await window.getByRole('link', { name: labelOf(route) }).click();
Release (windows)	E2E (все спеки)	2026-10-03T10:42:42.9278145Z       169 |             await expect(readyLocator(window, route)).toBeVisible();
Release (windows)	E2E (все спеки)	2026-10-03T10:42:42.9278782Z     > 170 |             await expect(window).toHaveScreenshot(screenshotName(route, theme, scale), {
Release (windows)	E2E (все спеки)	2026-10-03T10:42:42.9279278Z           |                                  ^
Release (windows)	E2E (все спеки)	2026-10-03T10:42:42.9280241Z       171 |               animations: 'disabled',
Release (windows)	E2E (все спеки)	2026-10-03T10:42:42.9281073Z       172 |               maxDiffPixelRatio: MAX_DIFF_RATIO,
Release (windows)	E2E (все спеки)	2026-10-03T10:42:42.9282133Z       173 |               // TASK-099: /settings скроллится (секция «Приватность») — fullPage,
Release (windows)	E2E (все спеки)	2026-10-03T10:42:42.9283218Z         at D:\a\health-log\health-log\apps\desktop\tests\e2e\visual-scales.spec.ts:170:34
Release (windows)	E2E (все спеки)	2026-10-03T10:42:42.9284372Z         at D:\a\health-log\health-log\apps\desktop\tests\e2e\visual-scales.spec.ts:167:11
Release (windows)	E2E (все спеки)	2026-10-03T10:42:42.9285017Z 
Release (windows)	E2E (все спеки)	2026-10-03T10:42:42.9285759Z     attachment #1: scales-dashboard-light-112 (image/png) ──────────────────────────────────────────
Release (windows)	E2E (все спеки)	2026-10-03T10:42:42.9286909Z     Expected: tests\e2e\__screenshots__\scales-dashboard-light-112.png
Release (windows)	E2E (все спеки)	2026-10-03T10:42:42.9288738Z     Received: test-results\visual-scales-visual-матри-42b9d-ов-без-обрезок-и-перекрытий-e2e-electron\scales-dashboard-light-112-actual.png
Release (windows)	E2E (все спеки)	2026-10-03T10:42:42.9290663Z     Diff:     test-results\visual-scales-visual-матри-42b9d-ов-без-обрезок-и-перекрытий-e2e-electron\scales-dashboard-light-112-diff.png
Release (windows)	E2E (все спеки)	2026-10-03T10:42:42.9292267Z     ────────────────────────────────────────────────────────────────────────────────────────────────
Release (windows)	E2E (все спеки)	2026-10-03T10:42:42.9292785Z 
Release (windows)	E2E (все спеки)	2026-10-03T10:42:42.9293612Z     Error Context: test-results\visual-scales-visual-матри-42b9d-ов-без-обрезок-и-перекрытий-e2e-electron\error-context.md
Release (windows)	E2E (все спеки)	2026-10-03T10:42:42.9294685Z 
Release (windows)	E2E (все спеки)	2026-10-03T10:42:42.9295303Z     Retry #1 ───────────────────────────────────────────────────────────────────────────────────────
Release (windows)	E2E (все спеки)	2026-10-03T10:42:42.9295849Z 
Release (windows)	E2E (все спеки)	2026-10-03T10:42:42.9296156Z     Error: expect(page).toHaveScreenshot(expected) failed
Release (windows)	E2E (все спеки)	2026-10-03T10:42:42.9296620Z 
Release (windows)	E2E (все спеки)	2026-10-03T10:42:42.9297008Z       Expected an image 1424px by 835px, received 1008px by 655px. 
Release (windows)	E2E (все спеки)	2026-10-03T10:42:42.9297470Z 
Release (windows)	E2E (все спеки)	2026-10-03T10:42:42.9297762Z       Snapshot: scales-dashboard-light-112.png
Release (windows)	E2E (все спеки)	2026-10-03T10:42:42.9298134Z 
Release (windows)	E2E (все спеки)	2026-10-03T10:42:42.9298335Z     Call log:
Release (windows)	E2E (все спеки)	2026-10-03T10:42:42.9299018Z       - Expect "toHaveScreenshot(scales-dashboard-light-112.png)" with timeout 5000ms
Release (windows)	E2E (все спеки)	2026-10-03T10:42:42.9299823Z         - verifying given screenshot expectation
Release (windows)	E2E (все спеки)	2026-10-03T10:42:42.9300644Z       - taking page screenshot
Release (windows)	E2E (все спеки)	2026-10-03T10:42:42.9301223Z         - disabled all CSS animations
Release (windows)	E2E (все спеки)	2026-10-03T10:42:42.9301774Z       - waiting for fonts to load...
Release (windows)	E2E (все спеки)	2026-10-03T10:42:42.9302264Z       - fonts loaded
Release (windows)	E2E (все спеки)	2026-10-03T10:42:42.9302866Z       - Expected an image 1424px by 835px, received 1008px by 655px.
Release (windows)	E2E (все спеки)	2026-10-03T10:42:42.9303580Z       - waiting 100ms before taking screenshot
Release (windows)	E2E (все спеки)	2026-10-03T10:42:42.9304176Z       - taking page screenshot
Release (windows)	E2E (все спеки)	2026-10-03T10:42:42.9304666Z         - disabled all CSS animations
Release (windows)	E2E (все спеки)	2026-10-03T10:42:42.9305251Z       - waiting for fonts to load...
Release (windows)	E2E (все спеки)	2026-10-03T10:42:42.9305761Z       - fonts loaded
Release (windows)	E2E (все спеки)	2026-10-03T10:42:42.9306220Z       - captured a stable screenshot
Release (windows)	E2E (все спеки)	2026-10-03T10:42:42.9306916Z       - Expected an image 1424px by 835px, received 1008px by 655px.
Release (windows)	E2E (все спеки)	2026-10-03T10:42:42.9307356Z 
Release (windows)	E2E (все спеки)	2026-10-03T10:42:42.9307404Z 
Release (windows)	E2E (все спеки)	2026-10-03T10:42:42.9307873Z       168 |             await window.getByRole('link', { name: labelOf(route) }).click();
Release (windows)	E2E (все спеки)	2026-10-03T10:42:42.9309187Z       169 |             await expect(readyLocator(window, route)).toBeVisible();
Release (windows)	E2E (все спеки)	2026-10-03T10:42:42.9310283Z     > 170 |             await expect(window).toHaveScreenshot(screenshotName(route, theme, scale), {
Release (windows)	E2E (все спеки)	2026-10-03T10:42:42.9311207Z           |                                  ^
Release (windows)	E2E (все спеки)	2026-10-03T10:42:42.9311870Z       171 |               animations: 'disabled',
Release (windows)	E2E (все спеки)	2026-10-03T10:42:42.9312554Z       172 |               maxDiffPixelRatio: MAX_DIFF_RATIO,
Release (windows)	E2E (все спеки)	2026-10-03T10:42:42.9313573Z       173 |               // TASK-099: /settings скроллится (секция «Приватность») — fullPage,
Release (windows)	E2E (все спеки)	2026-10-03T10:42:42.9314701Z         at D:\a\health-log\health-log\apps\desktop\tests\e2e\visual-scales.spec.ts:170:34
Release (windows)	E2E (все спеки)	2026-10-03T10:42:42.9315822Z         at D:\a\health-log\health-log\apps\desktop\tests\e2e\visual-scales.spec.ts:167:11
Release (windows)	E2E (все спеки)	2026-10-03T10:42:42.9316446Z 
Release (windows)	E2E (все спеки)	2026-10-03T10:42:42.9317246Z     attachment #1: scales-dashboard-light-112 (image/png) ──────────────────────────────────────────
Release (windows)	E2E (все спеки)	2026-10-03T10:42:42.9318453Z     Expected: tests\e2e\__screenshots__\scales-dashboard-light-112.png
Release (windows)	E2E (все спеки)	2026-10-03T10:42:42.9320124Z     Received: test-results\visual-scales-visual-матри-42b9d-ов-без-обрезок-и-перекрытий-e2e-electron-retry1\scales-dashboard-light-112-actual.png
Release (windows)	E2E (все спеки)	2026-10-03T10:42:42.9322132Z     Diff:     test-results\visual-scales-visual-матри-42b9d-ов-без-обрезок-и-перекрытий-e2e-electron-retry1\scales-dashboard-light-112-diff.png
Release (windows)	E2E (все спеки)	2026-10-03T10:42:42.9323714Z     ────────────────────────────────────────────────────────────────────────────────────────────────
Release (windows)	E2E (все спеки)	2026-10-03T10:42:42.9324306Z 
Release (windows)	E2E (все спеки)	2026-10-03T10:42:42.9325294Z     Error Context: test-results\visual-scales-visual-матри-42b9d-ов-без-обрезок-и-перекрытий-e2e-electron-retry1\error-context.md
Release (windows)	E2E (все спеки)	2026-10-03T10:42:42.9326204Z 
Release (windows)	E2E (все спеки)	2026-10-03T10:42:42.9327518Z   10) [e2e-electron] › tests\e2e\visual-scales.spec.ts:156:7 › visual-матрица масштабов текста (TASK-048 §19/§20) › масштаб «Очень крупный» × light: 5 маршрутов без обрезок и перекрытий › /dashboard 
Release (windows)	E2E (все спеки)	2026-10-03T10:42:42.9329301Z 
Release (windows)	E2E (все спеки)	2026-10-03T10:42:42.9329629Z     Error: expect(page).toHaveScreenshot(expected) failed
Release (windows)	E2E (все спеки)	2026-10-03T10:42:42.9330057Z 
Release (windows)	E2E (все спеки)	2026-10-03T10:42:42.9330396Z       Expected an image 1424px by 835px, received 1008px by 655px. 
Release (windows)	E2E (все спеки)	2026-10-03T10:42:42.9331191Z 
Release (windows)	E2E (все спеки)	2026-10-03T10:42:42.9331441Z       Snapshot: scales-dashboard-light-125.png
Release (windows)	E2E (все спеки)	2026-10-03T10:42:42.9331800Z 
Release (windows)	E2E (все спеки)	2026-10-03T10:42:42.9331930Z     Call log:
Release (windows)	E2E (все спеки)	2026-10-03T10:42:42.9332703Z       - Expect "toHaveScreenshot(scales-dashboard-light-125.png)" with timeout 5000ms
Release (windows)	E2E (все спеки)	2026-10-03T10:42:42.9333566Z         - verifying given screenshot expectation
Release (windows)	E2E (все спеки)	2026-10-03T10:42:42.9334090Z       - taking page screenshot
Release (windows)	E2E (все спеки)	2026-10-03T10:42:42.9335242Z         - disabled all CSS animations
Release (windows)	E2E (все спеки)	2026-10-03T10:42:42.9335779Z       - waiting for fonts to load...
Release (windows)	E2E (все спеки)	2026-10-03T10:42:42.9336203Z       - fonts loaded
Release (windows)	E2E (все спеки)	2026-10-03T10:42:42.9336763Z       - Expected an image 1424px by 835px, received 1008px by 655px.
Release (windows)	E2E (все спеки)	2026-10-03T10:42:42.9337740Z       - waiting 100ms before taking screenshot
Release (windows)	E2E (все спеки)	2026-10-03T10:42:42.9338329Z       - taking page screenshot
Release (windows)	E2E (все спеки)	2026-10-03T10:42:42.9339048Z         - disabled all CSS animations
Release (windows)	E2E (все спеки)	2026-10-03T10:42:42.9339559Z       - waiting for fonts to load...
Release (windows)	E2E (все спеки)	2026-10-03T10:42:42.9339999Z       - fonts loaded
Release (windows)	E2E (все спеки)	2026-10-03T10:42:42.9340402Z       - captured a stable screenshot
Release (windows)	E2E (все спеки)	2026-10-03T10:42:42.9341008Z       - Expected an image 1424px by 835px, received 1008px by 655px.
Release (windows)	E2E (все спеки)	2026-10-03T10:42:42.9341412Z 
Release (windows)	E2E (все спеки)	2026-10-03T10:42:42.9341422Z 
Release (windows)	E2E (все спеки)	2026-10-03T10:42:42.9341815Z       168 |             await window.getByRole('link', { name: labelOf(route) }).click();
Release (windows)	E2E (все спеки)	2026-10-03T10:42:42.9342511Z       169 |             await expect(readyLocator(window, route)).toBeVisible();
Release (windows)	E2E (все спеки)	2026-10-03T10:42:42.9343081Z     > 170 |             await expect(window).toHaveScreenshot(screenshotName(route, theme, scale), {
Release (windows)	E2E (все спеки)	2026-10-03T10:42:42.9343559Z           |                                  ^
Release (windows)	E2E (все спеки)	2026-10-03T10:42:42.9343882Z       171 |               animations: 'disabled',
Release (windows)	E2E (все спеки)	2026-10-03T10:42:42.9344235Z       172 |               maxDiffPixelRatio: MAX_DIFF_RATIO,
Release (windows)	E2E (все спеки)	2026-10-03T10:42:42.9344848Z       173 |               // TASK-099: /settings скроллится (секция «Приватность») — fullPage,
Release (windows)	E2E (все спеки)	2026-10-03T10:42:42.9345444Z         at D:\a\health-log\health-log\apps\desktop\tests\e2e\visual-scales.spec.ts:170:34
Release (windows)	E2E (все спеки)	2026-10-03T10:42:42.9346029Z         at D:\a\health-log\health-log\apps\desktop\tests\e2e\visual-scales.spec.ts:167:11
Release (windows)	E2E (все спеки)	2026-10-03T10:42:42.9346351Z 
Release (windows)	E2E (все спеки)	2026-10-03T10:42:42.9346769Z     attachment #1: scales-dashboard-light-125 (image/png) ──────────────────────────────────────────
Release (windows)	E2E (все спеки)	2026-10-03T10:42:42.9347357Z     Expected: tests\e2e\__screenshots__\scales-dashboard-light-125.png
Release (windows)	E2E (все спеки)	2026-10-03T10:42:42.9348450Z     Received: test-results\visual-scales-visual-матри-20e38-ов-без-обрезок-и-перекрытий-e2e-electron\scales-dashboard-light-125-actual.png
Release (windows)	E2E (все спеки)	2026-10-03T10:42:42.9349727Z     Diff:     test-results\visual-scales-visual-матри-20e38-ов-без-обрезок-и-перекрытий-e2e-electron\scales-dashboard-light-125-diff.png
Release (windows)	E2E (все спеки)	2026-10-03T10:42:42.9350530Z     ────────────────────────────────────────────────────────────────────────────────────────────────
Release (windows)	E2E (все спеки)	2026-10-03T10:42:42.9350826Z 
Release (windows)	E2E (все спеки)	2026-10-03T10:42:42.9351537Z     Error Context: test-results\visual-scales-visual-матри-20e38-ов-без-обрезок-и-перекрытий-e2e-electron\error-context.md
Release (windows)	E2E (все спеки)	2026-10-03T10:42:42.9351986Z 
Release (windows)	E2E (все спеки)	2026-10-03T10:42:42.9352317Z     Retry #1 ───────────────────────────────────────────────────────────────────────────────────────
Release (windows)	E2E (все спеки)	2026-10-03T10:42:42.9352615Z 
Release (windows)	E2E (все спеки)	2026-10-03T10:42:42.9352791Z     Error: expect(page).toHaveScreenshot(expected) failed
Release (windows)	E2E (все спеки)	2026-10-03T10:42:42.9353023Z 
Release (windows)	E2E (все спеки)	2026-10-03T10:42:42.9353217Z       Expected an image 1424px by 835px, received 1008px by 655px. 
Release (windows)	E2E (все спеки)	2026-10-03T10:42:42.9353475Z 
Release (windows)	E2E (все спеки)	2026-10-03T10:42:42.9353612Z       Snapshot: scales-dashboard-light-125.png
Release (windows)	E2E (все спеки)	2026-10-03T10:42:42.9353826Z 
Release (windows)	E2E (все спеки)	2026-10-03T10:42:42.9353908Z     Call log:
Release (windows)	E2E (все спеки)	2026-10-03T10:42:42.9354288Z       - Expect "toHaveScreenshot(scales-dashboard-light-125.png)" with timeout 5000ms
Release (windows)	E2E (все спеки)	2026-10-03T10:42:42.9354889Z         - verifying given screenshot expectation
Release (windows)	E2E (все спеки)	2026-10-03T10:42:42.9355204Z       - taking page screenshot
Release (windows)	E2E (все спеки)	2026-10-03T10:42:42.9355462Z         - disabled all CSS animations
Release (windows)	E2E (все спеки)	2026-10-03T10:42:42.9355749Z       - waiting for fonts to load...
Release (windows)	E2E (все спеки)	2026-10-03T10:42:42.9356005Z       - fonts loaded
Release (windows)	E2E (все спеки)	2026-10-03T10:42:42.9356320Z       - Expected an image 1424px by 835px, received 1008px by 655px.
Release (windows)	E2E (все спеки)	2026-10-03T10:42:42.9356711Z       - waiting 100ms before taking screenshot
Release (windows)	E2E (все спеки)	2026-10-03T10:42:42.9357009Z       - taking page screenshot
Release (windows)	E2E (все спеки)	2026-10-03T10:42:42.9357265Z         - disabled all CSS animations
Release (windows)	E2E (все спеки)	2026-10-03T10:42:42.9357545Z       - waiting for fonts to load...
Release (windows)	E2E (все спеки)	2026-10-03T10:42:42.9357786Z       - fonts loaded
Release (windows)	E2E (все спеки)	2026-10-03T10:42:42.9358005Z       - captured a stable screenshot
Release (windows)	E2E (все спеки)	2026-10-03T10:42:42.9358365Z       - Expected an image 1424px by 835px, received 1008px by 655px.
Release (windows)	E2E (все спеки)	2026-10-03T10:42:42.9358615Z 
Release (windows)	E2E (все спеки)	2026-10-03T10:42:42.9358634Z 
Release (windows)	E2E (все спеки)	2026-10-03T10:42:42.9358874Z       168 |             await window.getByRole('link', { name: labelOf(route) }).click();
Release (windows)	E2E (все спеки)	2026-10-03T10:42:42.9359382Z       169 |             await expect(readyLocator(window, route)).toBeVisible();
Release (windows)	E2E (все спеки)	2026-10-03T10:42:42.9359931Z     > 170 |             await expect(window).toHaveScreenshot(screenshotName(route, theme, scale), {
Release (windows)	E2E (все спеки)	2026-10-03T10:42:42.9360376Z           |                                  ^
Release (windows)	E2E (все спеки)	2026-10-03T10:42:42.9360686Z       171 |               animations: 'disabled',
Release (windows)	E2E (все спеки)	2026-10-03T10:42:42.9361024Z       172 |               maxDiffPixelRatio: MAX_DIFF_RATIO,
Release (windows)	E2E (все спеки)	2026-10-03T10:42:42.9361542Z       173 |               // TASK-099: /settings скроллится (секция «Приватность») — fullPage,
Release (windows)	E2E (все спеки)	2026-10-03T10:42:42.9362096Z         at D:\a\health-log\health-log\apps\desktop\tests\e2e\visual-scales.spec.ts:170:34
Release (windows)	E2E (все спеки)	2026-10-03T10:42:42.9362673Z         at D:\a\health-log\health-log\apps\desktop\tests\e2e\visual-scales.spec.ts:167:11
Release (windows)	E2E (все спеки)	2026-10-03T10:42:42.9362997Z 
Release (windows)	E2E (все спеки)	2026-10-03T10:42:42.9363393Z     attachment #1: scales-dashboard-light-125 (image/png) ──────────────────────────────────────────
Release (windows)	E2E (все спеки)	2026-10-03T10:42:42.9363974Z     Expected: tests\e2e\__screenshots__\scales-dashboard-light-125.png
Release (windows)	E2E (все спеки)	2026-10-03T10:42:42.9364840Z     Received: test-results\visual-scales-visual-матри-20e38-ов-без-обрезок-и-перекрытий-e2e-electron-retry1\scales-dashboard-light-125-actual.png
Release (windows)	E2E (все спеки)	2026-10-03T10:42:42.9365889Z     Diff:     test-results\visual-scales-visual-матри-20e38-ов-без-обрезок-и-перекрытий-e2e-electron-retry1\scales-dashboard-light-125-diff.png
Release (windows)	E2E (все спеки)	2026-10-03T10:42:42.9366670Z     ────────────────────────────────────────────────────────────────────────────────────────────────
Release (windows)	E2E (все спеки)	2026-10-03T10:42:42.9366943Z 
Release (windows)	E2E (все спеки)	2026-10-03T10:42:42.9367428Z     Error Context: test-results\visual-scales-visual-матри-20e38-ов-без-обрезок-и-перекрытий-e2e-electron-retry1\error-context.md
Release (windows)	E2E (все спеки)	2026-10-03T10:42:42.9367886Z 
Release (windows)	E2E (все спеки)	2026-10-03T10:42:42.9368770Z   11) [e2e-electron] › tests\e2e\visual-scales.spec.ts:156:7 › visual-матрица масштабов текста (TASK-048 §19/§20) › масштаб «Обычный» × dark: 5 маршрутов без обрезок и перекрытий › /dashboard 
Release (windows)	E2E (все спеки)	2026-10-03T10:42:42.9369694Z 
Release (windows)	E2E (все спеки)	2026-10-03T10:42:42.9369871Z     Error: expect(page).toHaveScreenshot(expected) failed
Release (windows)	E2E (все спеки)	2026-10-03T10:42:42.9370206Z 
Release (windows)	E2E (все спеки)	2026-10-03T10:42:42.9370613Z       Expected an image 1424px by 835px, received 1008px by 655px. 553316 pixels (ratio 0.47 of all image pixels) are different.
Release (windows)	E2E (все спеки)	2026-10-03T10:42:42.9371066Z 
Release (windows)	E2E (все спеки)	2026-10-03T10:42:42.9371199Z       Snapshot: scales-dashboard-dark-100.png
Release (windows)	E2E (все спеки)	2026-10-03T10:42:42.9371402Z 
Release (windows)	E2E (все спеки)	2026-10-03T10:42:42.9371477Z     Call log:
Release (windows)	E2E (все спеки)	2026-10-03T10:42:42.9371840Z       - Expect "toHaveScreenshot(scales-dashboard-dark-100.png)" with timeout 5000ms
Release (windows)	E2E (все спеки)	2026-10-03T10:42:42.9372301Z         - verifying given screenshot expectation
Release (windows)	E2E (все спеки)	2026-10-03T10:42:42.9372605Z       - taking page screenshot
Release (windows)	E2E (все спеки)	2026-10-03T10:42:42.9372860Z         - disabled all CSS animations
Release (windows)	E2E (все спеки)	2026-10-03T10:42:42.9373127Z       - waiting for fonts to load...
Release (windows)	E2E (все спеки)	2026-10-03T10:42:42.9373368Z       - fonts loaded
Release (windows)	E2E (все спеки)	2026-10-03T10:42:42.9373893Z       - Expected an image 1424px by 835px, received 1008px by 655px. 553316 pixels (ratio 0.47 of all image pixels) are different.
Release (windows)	E2E (все спеки)	2026-10-03T10:42:42.9374458Z       - waiting 100ms before taking screenshot
Release (windows)	E2E (все спеки)	2026-10-03T10:42:42.9374750Z       - taking page screenshot
Release (windows)	E2E (все спеки)	2026-10-03T10:42:42.9374999Z         - disabled all CSS animations
Release (windows)	E2E (все спеки)	2026-10-03T10:42:42.9375259Z       - waiting for fonts to load...
Release (windows)	E2E (все спеки)	2026-10-03T10:42:42.9375491Z       - fonts loaded
Release (windows)	E2E (все спеки)	2026-10-03T10:42:42.9375714Z       - captured a stable screenshot
Release (windows)	E2E (все спеки)	2026-10-03T10:42:42.9376264Z       - Expected an image 1424px by 835px, received 1008px by 655px. 553316 pixels (ratio 0.47 of all image pixels) are different.
Release (windows)	E2E (все спеки)	2026-10-03T10:42:42.9376711Z 
Release (windows)	E2E (все спеки)	2026-10-03T10:42:42.9376718Z 
Release (windows)	E2E (все спеки)	2026-10-03T10:42:42.9376952Z       168 |             await window.getByRole('link', { name: labelOf(route) }).click();
Release (windows)	E2E (все спеки)	2026-10-03T10:42:42.9377442Z       169 |             await expect(readyLocator(window, route)).toBeVisible();
Release (windows)	E2E (все спеки)	2026-10-03T10:42:42.9377987Z     > 170 |             await expect(window).toHaveScreenshot(screenshotName(route, theme, scale), {
Release (windows)	E2E (все спеки)	2026-10-03T10:42:42.9378436Z           |                                  ^
Release (windows)	E2E (все спеки)	2026-10-03T10:42:42.9378731Z       171 |               animations: 'disabled',
Release (windows)	E2E (все спеки)	2026-10-03T10:42:42.9379071Z       172 |               maxDiffPixelRatio: MAX_DIFF_RATIO,
Release (windows)	E2E (все спеки)	2026-10-03T10:42:42.9379614Z       173 |               // TASK-099: /settings скроллится (секция «Приватность») — fullPage,
Release (windows)	E2E (все спеки)	2026-10-03T10:42:42.9380160Z         at D:\a\health-log\health-log\apps\desktop\tests\e2e\visual-scales.spec.ts:170:34
Release (windows)	E2E (все спеки)	2026-10-03T10:42:42.9380729Z         at D:\a\health-log\health-log\apps\desktop\tests\e2e\visual-scales.spec.ts:167:11
Release (windows)	E2E (все спеки)	2026-10-03T10:42:42.9381045Z 
Release (windows)	E2E (все спеки)	2026-10-03T10:42:42.9381440Z     attachment #1: scales-dashboard-dark-100 (image/png) ───────────────────────────────────────────
Release (windows)	E2E (все спеки)	2026-10-03T10:42:42.9382008Z     Expected: tests\e2e\__screenshots__\scales-dashboard-dark-100.png
Release (windows)	E2E (все спеки)	2026-10-03T10:42:42.9382834Z     Received: test-results\visual-scales-visual-матри-56aa7-ов-без-обрезок-и-перекрытий-e2e-electron\scales-dashboard-dark-100-actual.png
Release (windows)	E2E (все спеки)	2026-10-03T10:42:42.9383822Z     Diff:     test-results\visual-scales-visual-матри-56aa7-ов-без-обрезок-и-перекрытий-e2e-electron\scales-dashboard-dark-100-diff.png
Release (windows)	E2E (все спеки)	2026-10-03T10:42:42.9385761Z     ────────────────────────────────────────────────────────────────────────────────────────────────
Release (windows)	E2E (все спеки)	2026-10-03T10:42:42.9386057Z 
Release (windows)	E2E (все спеки)	2026-10-03T10:42:42.9386554Z     Error Context: test-results\visual-scales-visual-матри-56aa7-ов-без-обрезок-и-перекрытий-e2e-electron\error-context.md
Release (windows)	E2E (все спеки)	2026-10-03T10:42:42.9387008Z 
Release (windows)	E2E (все спеки)	2026-10-03T10:42:42.9387324Z     Retry #1 ───────────────────────────────────────────────────────────────────────────────────────
Release (windows)	E2E (все спеки)	2026-10-03T10:42:42.9387618Z 
Release (windows)	E2E (все спеки)	2026-10-03T10:42:42.9387792Z     Error: expect(page).toHaveScreenshot(expected) failed
Release (windows)	E2E (все спеки)	2026-10-03T10:42:42.9388022Z 
Release (windows)	E2E (все спеки)	2026-10-03T10:42:42.9388540Z       Expected an image 1424px by 835px, received 1008px by 655px. 553316 pixels (ratio 0.47 of all image pixels) are different.
Release (windows)	E2E (все спеки)	2026-10-03T10:42:42.9389530Z 
Release (windows)	E2E (все спеки)	2026-10-03T10:42:42.9389680Z       Snapshot: scales-dashboard-dark-100.png
Release (windows)	E2E (все спеки)	2026-10-03T10:42:42.9389881Z 
Release (windows)	E2E (все спеки)	2026-10-03T10:42:42.9389972Z     Call log:
Release (windows)	E2E (все спеки)	2026-10-03T10:42:42.9390339Z       - Expect "toHaveScreenshot(scales-dashboard-dark-100.png)" with timeout 5000ms
Release (windows)	E2E (все спеки)	2026-10-03T10:42:42.9390808Z         - verifying given screenshot expectation
Release (windows)	E2E (все спеки)	2026-10-03T10:42:42.9391105Z       - taking page screenshot
Release (windows)	E2E (все спеки)	2026-10-03T10:42:42.9391363Z         - disabled all CSS animations
Release (windows)	E2E (все спеки)	2026-10-03T10:42:42.9391640Z       - waiting for fonts to load...
Release (windows)	E2E (все спеки)	2026-10-03T10:42:42.9391874Z       - fonts loaded
Release (windows)	E2E (все спеки)	2026-10-03T10:42:42.9392399Z       - Expected an image 1424px by 835px, received 1008px by 655px. 553316 pixels (ratio 0.47 of all image pixels) are different.
Release (windows)	E2E (все спеки)	2026-10-03T10:42:42.9392968Z       - waiting 100ms before taking screenshot
Release (windows)	E2E (все спеки)	2026-10-03T10:42:42.9393251Z       - taking page screenshot
Release (windows)	E2E (все спеки)	2026-10-03T10:42:42.9393509Z         - disabled all CSS animations
Release (windows)	E2E (все спеки)	2026-10-03T10:42:42.9393775Z       - waiting for fonts to load...
Release (windows)	E2E (все спеки)	2026-10-03T10:42:42.9394013Z       - fonts loaded
Release (windows)	E2E (все спеки)	2026-10-03T10:42:42.9394232Z       - captured a stable screenshot
Release (windows)	E2E (все спеки)	2026-10-03T10:42:42.9394789Z       - Expected an image 1424px by 835px, received 1008px by 655px. 553316 pixels (ratio 0.47 of all image pixels) are different.
Release (windows)	E2E (все спеки)	2026-10-03T10:42:42.9395248Z 
Release (windows)	E2E (все спеки)	2026-10-03T10:42:42.9395255Z 
Release (windows)	E2E (все спеки)	2026-10-03T10:42:42.9395489Z       168 |             await window.getByRole('link', { name: labelOf(route) }).click();
Release (windows)	E2E (все спеки)	2026-10-03T10:42:42.9395981Z       169 |             await expect(readyLocator(window, route)).toBeVisible();
Release (windows)	E2E (все спеки)	2026-10-03T10:42:42.9396531Z     > 170 |             await expect(window).toHaveScreenshot(screenshotName(route, theme, scale), {
Release (windows)	E2E (все спеки)	2026-10-03T10:42:42.9396969Z           |                                  ^
Release (windows)	E2E (все спеки)	2026-10-03T10:42:42.9397256Z       171 |               animations: 'disabled',
Release (windows)	E2E (все спеки)	2026-10-03T10:42:42.9397593Z       172 |               maxDiffPixelRatio: MAX_DIFF_RATIO,
Release (windows)	E2E (все спеки)	2026-10-03T10:42:42.9398135Z       173 |               // TASK-099: /settings скроллится (секция «Приватность») — fullPage,
Release (windows)	E2E (все спеки)	2026-10-03T10:42:42.9398683Z         at D:\a\health-log\health-log\apps\desktop\tests\e2e\visual-scales.spec.ts:170:34
Release (windows)	E2E (все спеки)	2026-10-03T10:42:42.9399263Z         at D:\a\health-log\health-log\apps\desktop\tests\e2e\visual-scales.spec.ts:167:11
Release (windows)	E2E (все спеки)	2026-10-03T10:42:42.9399576Z 
Release (windows)	E2E (все спеки)	2026-10-03T10:42:42.9399970Z     attachment #1: scales-dashboard-dark-100 (image/png) ───────────────────────────────────────────
Release (windows)	E2E (все спеки)	2026-10-03T10:42:42.9401204Z     Expected: tests\e2e\__screenshots__\scales-dashboard-dark-100.png
Release (windows)	E2E (все спеки)	2026-10-03T10:42:42.9412249Z     Received: test-results\visual-scales-visual-матри-56aa7-ов-без-обрезок-и-перекрытий-e2e-electron-retry1\scales-dashboard-dark-100-actual.png
Release (windows)	E2E (все спеки)	2026-10-03T10:42:42.9414572Z     Diff:     test-results\visual-scales-visual-матри-56aa7-ов-без-обрезок-и-перекрытий-e2e-electron-retry1\scales-dashboard-dark-100-diff.png
Release (windows)	E2E (все спеки)	2026-10-03T10:42:42.9416039Z     ────────────────────────────────────────────────────────────────────────────────────────────────
Release (windows)	E2E (все спеки)	2026-10-03T10:42:42.9416518Z 
Release (windows)	E2E (все спеки)	2026-10-03T10:42:42.9417393Z     Error Context: test-results\visual-scales-visual-матри-56aa7-ов-без-обрезок-и-перекрытий-e2e-electron-retry1\error-context.md
Release (windows)	E2E (все спеки)	2026-10-03T10:42:42.9419123Z 
Release (windows)	E2E (все спеки)	2026-10-03T10:42:42.9420346Z   12) [e2e-electron] › tests\e2e\visual-scales.spec.ts:156:7 › visual-матрица масштабов текста (TASK-048 §19/§20) › масштаб «Крупный» × dark: 5 маршрутов без обрезок и перекрытий › /dashboard 
Release (windows)	E2E (все спеки)	2026-10-03T10:42:42.9421348Z 
Release (windows)	E2E (все спеки)	2026-10-03T10:42:42.9421640Z     Error: expect(page).toHaveScreenshot(expected) failed
Release (windows)	E2E (все спеки)	2026-10-03T10:42:42.9422048Z 
Release (windows)	E2E (все спеки)	2026-10-03T10:42:42.9422763Z       Expected an image 1424px by 835px, received 1008px by 655px. 556423 pixels (ratio 0.47 of all image pixels) are different.
Release (windows)	E2E (все спеки)	2026-10-03T10:42:42.9423548Z 
Release (windows)	E2E (все спеки)	2026-10-03T10:42:42.9423777Z       Snapshot: scales-dashboard-dark-112.png
Release (windows)	E2E (все спеки)	2026-10-03T10:42:42.9424122Z 
Release (windows)	E2E (все спеки)	2026-10-03T10:42:42.9424431Z     Call log:
Release (windows)	E2E (все спеки)	2026-10-03T10:42:42.9425074Z       - Expect "toHaveScreenshot(scales-dashboard-dark-112.png)" with timeout 5000ms
Release (windows)	E2E (все спеки)	2026-10-03T10:42:42.9425858Z         - verifying given screenshot expectation
Release (windows)	E2E (все спеки)	2026-10-03T10:42:42.9426370Z       - taking page screenshot
Release (windows)	E2E (все спеки)	2026-10-03T10:42:42.9426811Z         - disabled all CSS animations
Release (windows)	E2E (все спеки)	2026-10-03T10:42:42.9427693Z       - waiting for fonts to load...
Release (windows)	E2E (все спеки)	2026-10-03T10:42:42.9428123Z       - fonts loaded
Release (windows)	E2E (все спеки)	2026-10-03T10:42:42.9429010Z       - Expected an image 1424px by 835px, received 1008px by 655px. 556423 pixels (ratio 0.47 of all image pixels) are different.
Release (windows)	E2E (все спеки)	2026-10-03T10:42:42.9429971Z       - waiting 100ms before taking screenshot
Release (windows)	E2E (все спеки)	2026-10-03T10:42:42.9430432Z       - taking page screenshot
Release (windows)	E2E (все спеки)	2026-10-03T10:42:42.9430850Z         - disabled all CSS animations
Release (windows)	E2E (все спеки)	2026-10-03T10:42:42.9431266Z       - waiting for fonts to load...
Release (windows)	E2E (все спеки)	2026-10-03T10:42:42.9431644Z       - fonts loaded
Release (windows)	E2E (все спеки)	2026-10-03T10:42:42.9431994Z       - captured a stable screenshot
Release (windows)	E2E (все спеки)	2026-10-03T10:42:42.9432909Z       - Expected an image 1424px by 835px, received 1008px by 655px. 556423 pixels (ratio 0.47 of all image pixels) are different.
Release (windows)	E2E (все спеки)	2026-10-03T10:42:42.9433647Z 
Release (windows)	E2E (все спеки)	2026-10-03T10:42:42.9433669Z 
Release (windows)	E2E (все спеки)	2026-10-03T10:42:42.9434061Z       168 |             await window.getByRole('link', { name: labelOf(route) }).click();
Release (windows)	E2E (все спеки)	2026-10-03T10:42:42.9434879Z       169 |             await expect(readyLocator(window, route)).toBeVisible();
Release (windows)	E2E (все спеки)	2026-10-03T10:42:42.9435744Z     > 170 |             await expect(window).toHaveScreenshot(screenshotName(route, theme, scale), {
Release (windows)	E2E (все спеки)	2026-10-03T10:42:42.9436436Z           |                                  ^
Release (windows)	E2E (все спеки)	2026-10-03T10:42:42.9436897Z       171 |               animations: 'disabled',
Release (windows)	E2E (все спеки)	2026-10-03T10:42:42.9437405Z       172 |               maxDiffPixelRatio: MAX_DIFF_RATIO,
Release (windows)	E2E (все спеки)	2026-10-03T10:42:42.9438290Z       173 |               // TASK-099: /settings скроллится (секция «Приватность») — fullPage,
Release (windows)	E2E (все спеки)	2026-10-03T10:42:42.9439213Z         at D:\a\health-log\health-log\apps\desktop\tests\e2e\visual-scales.spec.ts:170:34
Release (windows)	E2E (все спеки)	2026-10-03T10:42:42.9440264Z         at D:\a\health-log\health-log\apps\desktop\tests\e2e\visual-scales.spec.ts:167:11
Release (windows)	E2E (все спеки)	2026-10-03T10:42:42.9440769Z 
Release (windows)	E2E (все спеки)	2026-10-03T10:42:42.9442350Z     attachment #1: scales-dashboard-dark-112 (image/png) ───────────────────────────────────────────
Release (windows)	E2E (все спеки)	2026-10-03T10:42:42.9443295Z     Expected: tests\e2e\__screenshots__\scales-dashboard-dark-112.png
Release (windows)	E2E (все спеки)	2026-10-03T10:42:42.9444762Z     Received: test-results\visual-scales-visual-матри-eb4be-ов-без-обрезок-и-перекрытий-e2e-electron\scales-dashboard-dark-112-actual.png
Release (windows)	E2E (все спеки)	2026-10-03T10:42:42.9446539Z     Diff:     test-results\visual-scales-visual-матри-eb4be-ов-без-обрезок-и-перекрытий-e2e-electron\scales-dashboard-dark-112-diff.png
Release (windows)	E2E (все спеки)	2026-10-03T10:42:42.9448220Z     ────────────────────────────────────────────────────────────────────────────────────────────────
Release (windows)	E2E (все спеки)	2026-10-03T10:42:42.9448707Z 
Release (windows)	E2E (все спеки)	2026-10-03T10:42:42.9449532Z     Error Context: test-results\visual-scales-visual-матри-eb4be-ов-без-обрезок-и-перекрытий-e2e-electron\error-context.md
Release (windows)	E2E (все спеки)	2026-10-03T10:42:42.9451549Z 
Release (windows)	E2E (все спеки)	2026-10-03T10:42:42.9452157Z     Retry #1 ───────────────────────────────────────────────────────────────────────────────────────
Release (windows)	E2E (все спеки)	2026-10-03T10:42:42.9452677Z 
Release (windows)	E2E (все спеки)	2026-10-03T10:42:42.9452953Z     Error: expect(page).toHaveScreenshot(expected) failed
Release (windows)	E2E (все спеки)	2026-10-03T10:42:42.9453345Z 
Release (windows)	E2E (все спеки)	2026-10-03T10:42:42.9454035Z       Expected an image 1424px by 835px, received 1008px by 655px. 556423 pixels (ratio 0.47 of all image pixels) are different.
Release (windows)	E2E (все спеки)	2026-10-03T10:42:42.9454813Z 
Release (windows)	E2E (все спеки)	2026-10-03T10:42:42.9455029Z       Snapshot: scales-dashboard-dark-112.png
Release (windows)	E2E (все спеки)	2026-10-03T10:42:42.9455374Z 
Release (windows)	E2E (все спеки)	2026-10-03T10:42:42.9455483Z     Call log:
Release (windows)	E2E (все спеки)	2026-10-03T10:42:42.9456097Z       - Expect "toHaveScreenshot(scales-dashboard-dark-112.png)" with timeout 5000ms
Release (windows)	E2E (все спеки)	2026-10-03T10:42:42.9456943Z         - verifying given screenshot expectation
Release (windows)	E2E (все спеки)	2026-10-03T10:42:42.9457468Z       - taking page screenshot
Release (windows)	E2E (все спеки)	2026-10-03T10:42:42.9457889Z         - disabled all CSS animations
Release (windows)	E2E (все спеки)	2026-10-03T10:42:42.9458335Z       - waiting for fonts to load...
Release (windows)	E2E (все спеки)	2026-10-03T10:42:42.9458725Z       - fonts loaded
Release (windows)	E2E (все спеки)	2026-10-03T10:42:42.9459642Z       - Expected an image 1424px by 835px, received 1008px by 655px. 556423 pixels (ratio 0.47 of all image pixels) are different.
Release (windows)	E2E (все спеки)	2026-10-03T10:42:42.9460646Z       - waiting 100ms before taking screenshot
Release (windows)	E2E (все спеки)	2026-10-03T10:42:42.9461190Z       - taking page screenshot
Release (windows)	E2E (все спеки)	2026-10-03T10:42:42.9461630Z         - disabled all CSS animations
Release (windows)	E2E (все спеки)	2026-10-03T10:42:42.9462112Z       - waiting for fonts to load...
Release (windows)	E2E (все спеки)	2026-10-03T10:42:42.9462523Z       - fonts loaded
Release (windows)	E2E (все спеки)	2026-10-03T10:42:42.9462913Z       - captured a stable screenshot
Release (windows)	E2E (все спеки)	2026-10-03T10:42:42.9463877Z       - Expected an image 1424px by 835px, received 1008px by 655px. 556423 pixels (ratio 0.47 of all image pixels) are different.
Release (windows)	E2E (все спеки)	2026-10-03T10:42:42.9464372Z 
Release (windows)	E2E (все спеки)	2026-10-03T10:42:42.9464380Z 
Release (windows)	E2E (все спеки)	2026-10-03T10:42:42.9464631Z       168 |             await window.getByRole('link', { name: labelOf(route) }).click();
Release (windows)	E2E (все спеки)	2026-10-03T10:42:42.9465165Z       169 |             await expect(readyLocator(window, route)).toBeVisible();
Release (windows)	E2E (все спеки)	2026-10-03T10:42:42.9465723Z     > 170 |             await expect(window).toHaveScreenshot(screenshotName(route, theme, scale), {
Release (windows)	E2E (все спеки)	2026-10-03T10:42:42.9466186Z           |                                  ^
Release (windows)	E2E (все спеки)	2026-10-03T10:42:42.9466484Z       171 |               animations: 'disabled',
Release (windows)	E2E (все спеки)	2026-10-03T10:42:42.9466819Z       172 |               maxDiffPixelRatio: MAX_DIFF_RATIO,
Release (windows)	E2E (все спеки)	2026-10-03T10:42:42.9467396Z       173 |               // TASK-099: /settings скроллится (секция «Приватность») — fullPage,
Release (windows)	E2E (все спеки)	2026-10-03T10:42:42.9468341Z         at D:\a\health-log\health-log\apps\desktop\tests\e2e\visual-scales.spec.ts:170:34
Release (windows)	E2E (все спеки)	2026-10-03T10:42:42.9468943Z         at D:\a\health-log\health-log\apps\desktop\tests\e2e\visual-scales.spec.ts:167:11
Release (windows)	E2E (все спеки)	2026-10-03T10:42:42.9469269Z 
Release (windows)	E2E (все спеки)	2026-10-03T10:42:42.9469689Z     attachment #1: scales-dashboard-dark-112 (image/png) ───────────────────────────────────────────
Release (windows)	E2E (все спеки)	2026-10-03T10:42:42.9470283Z     Expected: tests\e2e\__screenshots__\scales-dashboard-dark-112.png
Release (windows)	E2E (все спеки)	2026-10-03T10:42:42.9471168Z     Received: test-results\visual-scales-visual-матри-eb4be-ов-без-обрезок-и-перекрытий-e2e-electron-retry1\scales-dashboard-dark-112-actual.png
Release (windows)	E2E (все спеки)	2026-10-03T10:42:42.9473277Z     Diff:     test-results\visual-scales-visual-матри-eb4be-ов-без-обрезок-и-перекрытий-e2e-electron-retry1\scales-dashboard-dark-112-diff.png
Release (windows)	E2E (все спеки)	2026-10-03T10:42:42.9474084Z     ────────────────────────────────────────────────────────────────────────────────────────────────
Release (windows)	E2E (все спеки)	2026-10-03T10:42:42.9474362Z 
Release (windows)	E2E (все спеки)	2026-10-03T10:42:42.9474962Z     Error Context: test-results\visual-scales-visual-матри-eb4be-ов-без-обрезок-и-перекрытий-e2e-electron-retry1\error-context.md
Release (windows)	E2E (все спеки)	2026-10-03T10:42:42.9475466Z 
Release (windows)	E2E (все спеки)	2026-10-03T10:42:42.9476190Z   13) [e2e-electron] › tests\e2e\visual-scales.spec.ts:156:7 › visual-матрица масштабов текста (TASK-048 §19/§20) › масштаб «Очень крупный» × dark: 5 маршрутов без обрезок и перекрытий › /dashboard 
Release (windows)	E2E (все спеки)	2026-10-03T10:42:42.9476955Z 
Release (windows)	E2E (все спеки)	2026-10-03T10:42:42.9477188Z     Error: expect(page).toHaveScreenshot(expected) failed
Release (windows)	E2E (все спеки)	2026-10-03T10:42:42.9477464Z 
Release (windows)	E2E (все спеки)	2026-10-03T10:42:42.9477894Z       Expected an image 1424px by 835px, received 1008px by 655px. 559904 pixels (ratio 0.48 of all image pixels) are different.
Release (windows)	E2E (все спеки)	2026-10-03T10:42:42.9478367Z 
Release (windows)	E2E (все спеки)	2026-10-03T10:42:42.9478552Z       Snapshot: scales-dashboard-dark-125.png
Release (windows)	E2E (все спеки)	2026-10-03T10:42:42.9478775Z 
Release (windows)	E2E (все спеки)	2026-10-03T10:42:42.9478903Z     Call log:
Release (windows)	E2E (все спеки)	2026-10-03T10:42:42.9479343Z       - Expect "toHaveScreenshot(scales-dashboard-dark-125.png)" with timeout 5000ms
Release (windows)	E2E (все спеки)	2026-10-03T10:42:42.9479895Z         - verifying given screenshot expectation
Release (windows)	E2E (все спеки)	2026-10-03T10:42:42.9480267Z       - taking page screenshot
Release (windows)	E2E (все спеки)	2026-10-03T10:42:42.9480601Z         - disabled all CSS animations
Release (windows)	E2E (все спеки)	2026-10-03T10:42:42.9480963Z       - waiting for fonts to load...
Release (windows)	E2E (все спеки)	2026-10-03T10:42:42.9481275Z       - fonts loaded
Release (windows)	E2E (все спеки)	2026-10-03T10:42:42.9481865Z       - Expected an image 1424px by 835px, received 1008px by 655px. 559904 pixels (ratio 0.48 of all image pixels) are different.
Release (windows)	E2E (все спеки)	2026-10-03T10:42:42.9482536Z       - waiting 100ms before taking screenshot
Release (windows)	E2E (все спеки)	2026-10-03T10:42:42.9482938Z       - taking page screenshot
Release (windows)	E2E (все спеки)	2026-10-03T10:42:42.9483265Z         - disabled all CSS animations
Release (windows)	E2E (все спеки)	2026-10-03T10:42:42.9483631Z       - waiting for fonts to load...
Release (windows)	E2E (все спеки)	2026-10-03T10:42:42.9483934Z       - fonts loaded
Release (windows)	E2E (все спеки)	2026-10-03T10:42:42.9484217Z       - captured a stable screenshot
Release (windows)	E2E (все спеки)	2026-10-03T10:42:42.9484873Z       - Expected an image 1424px by 835px, received 1008px by 655px. 559904 pixels (ratio 0.48 of all image pixels) are different.
Release (windows)	E2E (все спеки)	2026-10-03T10:42:42.9485337Z 
Release (windows)	E2E (все спеки)	2026-10-03T10:42:42.9485343Z 
Release (windows)	E2E (все спеки)	2026-10-03T10:42:42.9485627Z       168 |             await window.getByRole('link', { name: labelOf(route) }).click();
Release (windows)	E2E (все спеки)	2026-10-03T10:42:42.9486192Z       169 |             await expect(readyLocator(window, route)).toBeVisible();
Release (windows)	E2E (все спеки)	2026-10-03T10:42:42.9486788Z     > 170 |             await expect(window).toHaveScreenshot(screenshotName(route, theme, scale), {
Release (windows)	E2E (все спеки)	2026-10-03T10:42:42.9487255Z           |                                  ^
Release (windows)	E2E (все спеки)	2026-10-03T10:42:42.9487644Z       171 |               animations: 'disabled',
Release (windows)	E2E (все спеки)	2026-10-03T10:42:42.9488455Z       172 |               maxDiffPixelRatio: MAX_DIFF_RATIO,
Release (windows)	E2E (все спеки)	2026-10-03T10:42:42.9489318Z       173 |               // TASK-099: /settings скроллится (секция «Приватность») — fullPage,
Release (windows)	E2E (все спеки)	2026-10-03T10:42:42.9489978Z         at D:\a\health-log\health-log\apps\desktop\tests\e2e\visual-scales.spec.ts:170:34
Release (windows)	E2E (все спеки)	2026-10-03T10:42:42.9490621Z         at D:\a\health-log\health-log\apps\desktop\tests\e2e\visual-scales.spec.ts:167:11
Release (windows)	E2E (все спеки)	2026-10-03T10:42:42.9490982Z 
Release (windows)	E2E (все спеки)	2026-10-03T10:42:42.9491398Z     attachment #1: scales-dashboard-dark-125 (image/png) ───────────────────────────────────────────
Release (windows)	E2E (все спеки)	2026-10-03T10:42:42.9492058Z     Expected: tests\e2e\__screenshots__\scales-dashboard-dark-125.png
Release (windows)	E2E (все спеки)	2026-10-03T10:42:42.9492953Z     Received: test-results\visual-scales-visual-матри-66b68-ов-без-обрезок-и-перекрытий-e2e-electron\scales-dashboard-dark-125-actual.png
Release (windows)	E2E (все спеки)	2026-10-03T10:42:42.9494115Z     Diff:     test-results\visual-scales-visual-матри-66b68-ов-без-обрезок-и-перекрытий-e2e-electron\scales-dashboard-dark-125-diff.png
Release (windows)	E2E (все спеки)	2026-10-03T10:42:42.9495000Z     ────────────────────────────────────────────────────────────────────────────────────────────────
Release (windows)	E2E (все спеки)	2026-10-03T10:42:42.9495318Z 
Release (windows)	E2E (все спеки)	2026-10-03T10:42:42.9495822Z     Error Context: test-results\visual-scales-visual-матри-66b68-ов-без-обрезок-и-перекрытий-e2e-electron\error-context.md
Release (windows)	E2E (все спеки)	2026-10-03T10:42:42.9496317Z 
Release (windows)	E2E (все спеки)	2026-10-03T10:42:42.9496679Z     Retry #1 ───────────────────────────────────────────────────────────────────────────────────────
Release (windows)	E2E (все спеки)	2026-10-03T10:42:42.9497008Z 
Release (windows)	E2E (все спеки)	2026-10-03T10:42:42.9497195Z     Error: expect(page).toHaveScreenshot(expected) failed
Release (windows)	E2E (все спеки)	2026-10-03T10:42:42.9497475Z 
Release (windows)	E2E (все спеки)	2026-10-03T10:42:42.9497926Z       Expected an image 1424px by 835px, received 1008px by 655px. 559904 pixels (ratio 0.48 of all image pixels) are different.
Release (windows)	E2E (все спеки)	2026-10-03T10:42:42.9498402Z 
Release (windows)	E2E (все спеки)	2026-10-03T10:42:42.9498607Z       Snapshot: scales-dashboard-dark-125.png
Release (windows)	E2E (все спеки)	2026-10-03T10:42:42.9498866Z 
Release (windows)	E2E (все спеки)	2026-10-03T10:42:42.9498961Z     Call log:
Release (windows)	E2E (все спеки)	2026-10-03T10:42:42.9499429Z       - Expect "toHaveScreenshot(scales-dashboard-dark-125.png)" with timeout 5000ms
Release (windows)	E2E (все спеки)	2026-10-03T10:42:42.9499972Z         - verifying given screenshot expectation
Release (windows)	E2E (все спеки)	2026-10-03T10:42:42.9500332Z       - taking page screenshot
Release (windows)	E2E (все спеки)	2026-10-03T10:42:42.9500690Z         - disabled all CSS animations
Release (windows)	E2E (все спеки)	2026-10-03T10:42:42.9501033Z       - waiting for fonts to load...
Release (windows)	E2E (все спеки)	2026-10-03T10:42:42.9501321Z       - fonts loaded
Release (windows)	E2E (все спеки)	2026-10-03T10:42:42.9502268Z       - Expected an image 1424px by 835px, received 1008px by 655px. 559904 pixels (ratio 0.48 of all image pixels) are different.
Release (windows)	E2E (все спеки)	2026-10-03T10:42:42.9503425Z       - waiting 100ms before taking screenshot
Release (windows)	E2E (все спеки)	2026-10-03T10:42:42.9504022Z       - taking page screenshot
Release (windows)	E2E (все спеки)	2026-10-03T10:42:42.9504591Z         - disabled all CSS animations
Release (windows)	E2E (все спеки)	2026-10-03T10:42:42.9505159Z       - waiting for fonts to load...
Release (windows)	E2E (все спеки)	2026-10-03T10:42:42.9505679Z       - fonts loaded
Release (windows)	E2E (все спеки)	2026-10-03T10:42:42.9506183Z       - captured a stable screenshot
Release (windows)	E2E (все спеки)	2026-10-03T10:42:42.9507307Z       - Expected an image 1424px by 835px, received 1008px by 655px. 559904 pixels (ratio 0.48 of all image pixels) are different.
Release (windows)	E2E (все спеки)	2026-10-03T10:42:42.9508486Z 
Release (windows)	E2E (все спеки)	2026-10-03T10:42:42.9508497Z 
Release (windows)	E2E (все спеки)	2026-10-03T10:42:42.9508953Z       168 |             await window.getByRole('link', { name: labelOf(route) }).click();
Release (windows)	E2E (все спеки)	2026-10-03T10:42:42.9509982Z       169 |             await expect(readyLocator(window, route)).toBeVisible();
Release (windows)	E2E (все спеки)	2026-10-03T10:42:42.9511063Z     > 170 |             await expect(window).toHaveScreenshot(screenshotName(route, theme, scale), {
Release (windows)	E2E (все спеки)	2026-10-03T10:42:42.9511949Z           |                                  ^
Release (windows)	E2E (все спеки)	2026-10-03T10:42:42.9512574Z       171 |               animations: 'disabled',
Release (windows)	E2E (все спеки)	2026-10-03T10:42:42.9513252Z       172 |               maxDiffPixelRatio: MAX_DIFF_RATIO,
Release (windows)	E2E (все спеки)	2026-10-03T10:42:42.9514263Z       173 |               // TASK-099: /settings скроллится (секция «Приватность») — fullPage,
Release (windows)	E2E (все спеки)	2026-10-03T10:42:42.9515395Z         at D:\a\health-log\health-log\apps\desktop\tests\e2e\visual-scales.spec.ts:170:34
Release (windows)	E2E (все спеки)	2026-10-03T10:42:42.9516522Z         at D:\a\health-log\health-log\apps\desktop\tests\e2e\visual-scales.spec.ts:167:11
Release (windows)	E2E (все спеки)	2026-10-03T10:42:42.9517380Z 
Release (windows)	E2E (все спеки)	2026-10-03T10:42:42.9518172Z     attachment #1: scales-dashboard-dark-125 (image/png) ───────────────────────────────────────────
Release (windows)	E2E (все спеки)	2026-10-03T10:42:42.9519304Z     Expected: tests\e2e\__screenshots__\scales-dashboard-dark-125.png
Release (windows)	E2E (все спеки)	2026-10-03T10:42:42.9520934Z     Received: test-results\visual-scales-visual-матри-66b68-ов-без-обрезок-и-перекрытий-e2e-electron-retry1\scales-dashboard-dark-125-actual.png
Release (windows)	E2E (все спеки)	2026-10-03T10:42:42.9522999Z     Diff:     test-results\visual-scales-visual-матри-66b68-ов-без-обрезок-и-перекрытий-e2e-electron-retry1\scales-dashboard-dark-125-diff.png
Release (windows)	E2E (все спеки)	2026-10-03T10:42:42.9524543Z     ────────────────────────────────────────────────────────────────────────────────────────────────
Release (windows)	E2E (все спеки)	2026-10-03T10:42:42.9525279Z 
Release (windows)	E2E (все спеки)	2026-10-03T10:42:42.9526260Z     Error Context: test-results\visual-scales-visual-матри-66b68-ов-без-обрезок-и-перекрытий-e2e-electron-retry1\error-context.md
Release (windows)	E2E (все спеки)	2026-10-03T10:42:42.9527160Z 
Release (windows)	E2E (все спеки)	2026-10-03T10:42:42.9527340Z   13 failed
Release (windows)	E2E (все спеки)	2026-10-03T10:42:42.9529041Z     [e2e-electron] › tests\e2e\a11y-full.spec.ts:326:7 › a11y-матрица 7 маршрутов × 2 темы × 3 масштаба (TASK-108 §5/§20) › Светлая тема × Обычный: 0 critical/serious на 7 маршрутах 
Release (windows)	E2E (все спеки)	2026-10-03T10:42:42.9531279Z     [e2e-electron] › tests\e2e\a11y-full.spec.ts:326:7 › a11y-матрица 7 маршрутов × 2 темы × 3 масштаба (TASK-108 §5/§20) › Светлая тема × Крупный: 0 critical/serious на 7 маршрутах 
Release (windows)	E2E (все спеки)	2026-10-03T10:42:42.9533476Z     [e2e-electron] › tests\e2e\a11y-full.spec.ts:326:7 › a11y-матрица 7 маршрутов × 2 темы × 3 масштаба (TASK-108 §5/§20) › Светлая тема × Очень крупный: 0 critical/serious на 7 маршрутах 
Release (windows)	E2E (все спеки)	2026-10-03T10:42:42.9535700Z     [e2e-electron] › tests\e2e\a11y-full.spec.ts:326:7 › a11y-матрица 7 маршрутов × 2 темы × 3 масштаба (TASK-108 §5/§20) › Тёмная тема × Обычный: 0 critical/serious на 7 маршрутах 
Release (windows)	E2E (все спеки)	2026-10-03T10:42:42.9537873Z     [e2e-electron] › tests\e2e\a11y-full.spec.ts:326:7 › a11y-матрица 7 маршрутов × 2 темы × 3 масштаба (TASK-108 §5/§20) › Тёмная тема × Крупный: 0 critical/serious на 7 маршрутах 
Release (windows)	E2E (все спеки)	2026-10-03T10:42:42.9539895Z     [e2e-electron] › tests\e2e\a11y-full.spec.ts:326:7 › a11y-матрица 7 маршрутов × 2 темы × 3 масштаба (TASK-108 §5/§20) › Тёмная тема × Очень крупный: 0 critical/serious на 7 маршрутах 
Release (windows)	E2E (все спеки)	2026-10-03T10:42:42.9541127Z     [e2e-electron] › tests\e2e\ai-models.spec.ts:45:3 › витрина моделей (TASK-081 §20 AC6) › dev-модель: скачать (с согласия, мимо сети §22) → выбрать → статус выбранной 
Release (windows)	E2E (все спеки)	2026-10-03T10:42:42.9542342Z     [e2e-electron] › tests\e2e\visual-scales.spec.ts:156:7 › visual-матрица масштабов текста (TASK-048 §19/§20) › масштаб «Обычный» × light: 5 маршрутов без обрезок и перекрытий 
Release (windows)	E2E (все спеки)	2026-10-03T10:42:42.9543535Z     [e2e-electron] › tests\e2e\visual-scales.spec.ts:156:7 › visual-матрица масштабов текста (TASK-048 §19/§20) › масштаб «Крупный» × light: 5 маршрутов без обрезок и перекрытий 
Release (windows)	E2E (все спеки)	2026-10-03T10:42:42.9544805Z     [e2e-electron] › tests\e2e\visual-scales.spec.ts:156:7 › visual-матрица масштабов текста (TASK-048 §19/§20) › масштаб «Очень крупный» × light: 5 маршрутов без обрезок и перекрытий 
Release (windows)	E2E (все спеки)	2026-10-03T10:42:42.9546217Z     [e2e-electron] › tests\e2e\visual-scales.spec.ts:156:7 › visual-матрица масштабов текста (TASK-048 §19/§20) › масштаб «Обычный» × dark: 5 маршрутов без обрезок и перекрытий 
Release (windows)	E2E (все спеки)	2026-10-03T10:42:42.9547390Z     [e2e-electron] › tests\e2e\visual-scales.spec.ts:156:7 › visual-матрица масштабов текста (TASK-048 §19/§20) › масштаб «Крупный» × dark: 5 маршрутов без обрезок и перекрытий 
Release (windows)	E2E (все спеки)	2026-10-03T10:42:42.9550035Z     [e2e-electron] › tests\e2e\visual-scales.spec.ts:156:7 › visual-матрица масштабов текста (TASK-048 §19/§20) › масштаб «Очень крупный» × dark: 5 маршрутов без обрезок и перекрытий 
Release (windows)	E2E (все спеки)	2026-10-03T10:42:42.9551070Z   21 passed (2.8m)
Release (windows)	E2E (все спеки)	2026-10-03T10:42:42.9551690Z D:\a\health-log\health-log\apps\desktop:
Release (windows)	E2E (все спеки)	2026-10-03T10:42:42.9552516Z  ERR_PNPM_RECURSIVE_RUN_FIRST_FAIL  @hl/desktop@0.9.0-rc.0 test:e2e: `pnpm build && playwright test "--retries=1"`
Release (windows)	E2E (все спеки)	2026-10-03T10:42:42.9553233Z Exit status 1
Release (windows)	E2E (все спеки)	2026-10-03T10:42:42.9610036Z ##[error]Process completed with exit code 1.
